ZEIT,PLR_ID,PLR_NAME,EW,BEZ_ID,S1,S1_SD_GR,S1_AG_GR,S2,S2_SD_GR,S2_AG_GR,S3,S3_SD_GR,S3_AG_GR,S4,S4_SD_GR,S4_AG_GR,D1,D1_SD_GR,D1_AG_GR,D2,D2_SD_GR,D2_AG_GR,D3,D3_SD_GR,D3_AG_GR,D4,D4_SD_GR,D4_AG_GR,KOM
202012,"01100101",Stülerstraße,3419,"01",4.22594,2,3,,,,8.04329,2,2,19.39799,2,2,1.46443,2,5,,,,0.38963,2,4,3.96175,3,5,gültig
202012,"01100102",Großer Tiergarten,1791,"01",1.15858,1,1,,,,3.46175,1,1,8.33333,2,1,0.24344,2,4,,,,0.92619,3,4,4.92424,3,6,gültig
202012,"01100103",Lützowstraße,5211,"01",5.31544,2,3,,,,15.52485,2,4,32.63158,2,4,0.93486,2,4,,,,-2.16074,2,1,-4.86842,1,1,gültig
202012,"01100104",Körnerstraße,4636,"01",6.18102,2,4,,,,18.01122,3,4,39.93994,2,4,1.249,2,5,,,,-0.7112,2,3,-2.65548,2,2,gültig
202012,"01100205",Wilhelmstraße,2573,"01",2.8826,2,2,,,,6.33502,2,2,19.75806,2,2,0.50703,2,4,,,,-1.64835,2,2,0.72821,2,4,gültig
202012,"01100206",Unter den Linden,1803,"01",2.15613,2,2,,,,4.93622,2,1,12.90323,2,2,0.5748,2,4,,,,1.44452,3,5,5.0719,3,6,gültig
202012,"01100207",Leipziger Straße,8312,"01",2.76734,2,2,,,,6.641,2,2,18.89503,2,2,0.74055,2,4,,,,-0.55794,2,3,-1.46493,2,3,gültig
202012,"01100308",Charitéviertel,6967,"01",1.37665,1,1,,,,2.61232,1,1,4.71807,1,1,0.42094,2,4,,,,-0.07593,2,3,0.45048,2,4,gültig
202012,"01100309",Oranienburger Straße,12352,"01",2.93421,2,2,,,,6.33905,2,2,12.83743,2,2,0.90508,2,4,,,,0.48477,2,4,1.73299,2,4,gültig
202012,"01100310",Alexanderplatzviertel,9903,"01",3.87555,2,2,,,,8.23993,2,2,20.45908,2,3,0.77488,2,4,,,,0.05911,2,4,0.50088,2,4,gültig
202012,"01100311",Karl-Marx-Allee,9013,"01",6.76912,2,4,,,,12.84811,2,3,38.72679,2,4,2.3115,3,6,,,,-0.3239,2,3,1.31317,2,4,gültig
202012,"01100312",Heine-Viertel West,9422,"01",3.08821,2,2,,,,5.45532,2,2,13.89699,2,2,0.68764,2,4,,,,-0.56191,2,3,-3.10301,2,2,gültig
202012,"01100313",Heine-Viertel Ost,10779,"01",2.85963,2,2,,,,6.2529,2,2,16.22074,2,2,0.71247,2,4,,,,-0.19567,2,3,0.52047,2,4,gültig
202012,"01100414",Nordbahnhof,5178,"01",1.88818,1,1,,,,4.21012,2,1,9.42285,2,1,0.6424,2,4,,,,-0.50341,2,3,1.08952,2,4,gültig
202012,"01100415",Invalidenstraße,12593,"01",2.05154,2,2,,,,4.47074,2,1,7.09894,1,1,0.53161,2,4,,,,-0.08937,2,3,-0.32627,2,3,gültig
202012,"01100416",Arkonaplatz,13443,"01",2.08215,2,2,,,,3.56319,1,1,5.6926,1,1,0.90437,2,4,,,,0.27994,2,4,1.97845,2,4,gültig
202012,"01200517",Huttenkiez,3725,"01",8.45687,3,5,,,,21.90604,4,5,58.70021,4,5,1.57943,2,5,,,,-3.55753,1,1,-8.48041,1,1,gültig
202012,"01200518",Beusselkiez,6866,"01",7.92151,3,4,,,,19.37081,3,4,51.0828,4,5,1.726,2,5,,,,-2.6593,1,1,-1.83497,2,3,gültig
202012,"01200519",Emdener Straße,9103,"01",7.66146,2,4,,,,16.34626,2,4,41.85149,3,5,2.2142,3,6,,,,-3.38338,1,1,-7.10401,1,1,gültig
202012,"01200520",Bremer Straße,9433,"01",6.11907,2,4,,,,13.57999,2,3,31.25573,2,4,1.60929,2,5,,,,-1.83491,2,2,-1.86115,2,3,gültig
202012,"01200521",Zwinglistraße,5235,"01",7.64647,2,4,,,,20.66858,3,5,51.39912,4,5,2.11354,3,6,,,,-1.55774,2,2,-0.28155,2,3,gültig
202012,"01200522",Elberfelder Straße,11333,"01",3.64283,2,2,,,,7.55316,2,2,13.63272,2,2,0.59354,2,4,,,,-1.35149,2,2,-2.90209,2,2,gültig
202012,"01200623",Stephankiez,10825,"01",5.70825,2,3,,,,13.69053,2,3,28.66521,2,3,1.7046,2,5,,,,-1.96196,2,2,-5.39494,1,1,gültig
202012,"01200624",Heidestraße,5178,"01",3.53391,2,2,,,,9.34724,2,2,21.7033,2,3,-1.53666,1,2,,,,-7.36619,1,1,-11.63003,1,1,gültig
202012,"01200625",Lübecker Straße,6976,"01",9.47838,4,5,,,,22.19037,4,5,47.30769,3,5,2.72571,3,6,,,,-3.10964,1,1,-2.73629,2,2,gültig
202012,"01200626",Thomasiusstraße,5935,"01",3.40485,2,2,,,,8.34035,2,2,16.69107,2,2,1.03683,2,5,,,,-0.78409,2,3,2.85648,3,5,gültig
202012,"01200627",Zillesiedlung,3280,"01",11.22497,4,5,,,,25.73171,4,5,46.27575,3,5,4.57029,3,6,,,,-0.15661,2,3,8.83733,3,6,gültig
202012,"01200628",Lüneburger Straße,3132,"01",2.97114,2,2,,,,8.42912,2,2,13.39286,2,2,-0.42323,1,3,,,,-0.60505,2,3,-0.93379,2,3,gültig
202012,"01200629",Hansaviertel,5807,"01",2.6405,2,2,,,,6.73325,2,2,14.08776,2,2,0.31942,2,4,,,,-0.54452,2,3,-0.5634,2,3,gültig
202012,"01300730",Drontheimer Straße,7957,"01",12.874,4,5,,,,29.88564,4,5,65.31184,4,5,4.07387,3,6,,,,-3.90597,1,1,-2.36903,2,2,gültig
202012,"01300731",Koloniestraße,8545,"01",10.63864,4,5,,,,26.28438,4,5,61.98347,4,5,2.7854,3,6,,,,-3.73843,1,1,-1.45426,2,3,gültig
202012,"01300732",Soldiner Straße,9879,"01",10.81823,4,5,,,,27.62425,4,5,61.62034,4,5,2.76091,3,6,,,,-3.0859,1,1,-5.26549,1,1,gültig
202012,"01300733",Gesundbrunnen,11665,"01",9.30286,3,5,,,,23.87484,4,5,55.9633,4,5,2.94275,3,6,,,,-1.63291,2,2,0.69448,2,4,gültig
202012,"01300834",Brunnenstraße,14193,"01",10.46059,4,5,,,,27.34447,4,5,52.3088,4,5,3.39883,3,6,,,,-2.93788,1,1,-3.06615,2,2,gültig
202012,"01300835",Humboldthain Süd,10443,"01",7.65557,2,4,,,,20.09001,3,5,44.77887,3,5,2.20995,3,6,,,,-1.93861,2,2,-1.80073,2,3,gültig
202012,"01300836",Humboldthain Nordwest,14657,"01",10.68295,4,5,,,,26.0831,4,5,61.47578,4,5,3.05583,3,6,,,,-2.88721,1,1,-0.42898,2,3,gültig
202012,"01400937",Afrikanische Straße,10804,"01",8.06597,3,5,,,,17.39171,2,4,42.90008,3,5,1.92969,2,5,,,,-2.28131,2,1,-5.28805,1,1,gültig
202012,"01400938",Kameruner Straße,9725,"01",7.75226,2,4,,,,17.52185,2,4,46.3353,3,5,2.22322,3,6,,,,-1.86295,2,2,-3.70538,2,2,gültig
202012,"01400939",Glasgower Straße,5926,"01",8.05354,3,5,,,,17.58353,2,4,45.20918,3,5,2.3232,3,6,,,,-1.99087,2,2,-2.48956,2,2,gültig
202012,"01400940",Schillerpark,6794,"01",7.88804,2,4,,,,16.57345,2,4,43.34061,3,5,2.35681,3,6,,,,-3.01928,1,1,-2.92158,2,2,gültig
202012,"01400941",Londoner Straße,3786,"01",7.03448,2,4,,,,13.99894,2,3,42.34694,3,5,2.20532,3,6,,,,-1.72876,2,2,-2.73078,2,2,gültig
202012,"01400942",Westliche Müllerstraße,8643,"01",7.1553,2,4,,,,17.14682,2,4,47.6828,3,5,1.59654,2,5,,,,-2.90154,1,1,-6.62582,1,1,gültig
202012,"01401043",Antonstraße,7739,"01",10.77886,4,5,,,,26.95439,4,5,60.18779,4,5,2.09216,3,6,,,,-3.25078,1,1,-3.40013,2,2,gültig
202012,"01401044",Uferstraße,10224,"01",10.3426,4,5,,,,26.24218,4,5,62.31884,4,5,2.80861,3,6,,,,-3.48215,1,1,-6.90211,1,1,gültig
202012,"01401045",Schwedenstraße,5722,"01",10.907,4,5,,,,27.36805,4,5,59.93624,4,5,4.21686,3,6,,,,-2.63195,1,1,-0.8885,2,3,gültig
202012,"01401046",Nordufer,8781,"01",7.05882,2,4,,,,14.95274,2,3,34.69602,2,4,1.54933,2,5,,,,-2.44144,1,1,-7.71851,1,1,gültig
202012,"01401047",Sparrplatz,7867,"01",7.95526,3,4,,,,18.91445,3,4,51.68651,4,5,2.07742,3,6,,,,-4.07934,1,1,-7.06947,1,1,gültig
202012,"01401048",Leopoldplatz,9098,"01",8.90001,3,5,,,,21.64212,4,5,51.91606,4,5,1.92771,2,5,,,,-3.12091,1,1,-1.52771,2,3,gültig
202012,"01401049",Schulstraße,6689,"01",11.32157,4,5,,,,26.87995,4,5,65.13234,4,5,2.80344,3,6,,,,-3.24498,1,1,-1.60495,2,3,gültig
202012,"02100101",Askanischer Platz,6281,"02",8.42778,3,5,,,,21.17497,3,5,44.22404,3,5,2.35628,3,6,,,,0.04057,2,4,3.99535,3,5,gültig
202012,"02100102",Mehringplatz,8647,"02",11.04756,4,5,,,,27.33896,4,5,53.43728,4,5,2.5186,3,6,,,,-2.11115,2,1,-2.60992,2,2,gültig
202012,"02100103",Am Berlin Museum,5382,"02",10.45886,4,5,,,,25.23226,4,5,50.76253,4,5,2.77273,3,6,,,,-1.94186,2,2,3.81719,3,5,gültig
202012,"02100104",Moritzplatz,5567,"02",12.0437,4,5,,,,26.76486,4,5,56.93512,4,5,2.28274,3,6,,,,-1.50105,2,2,3.51897,3,5,gültig
202012,"02100105",Prinzenstraße,9604,"02",12.92965,4,5,,,,29.73761,4,5,63.83812,4,5,2.08234,3,6,,,,-3.18985,1,1,-0.79308,2,3,gültig
202012,"02100106",Wassertorplatz,5009,"02",12.27336,4,5,,,,29.34718,4,5,61.7207,4,5,3.2022,3,6,,,,-2.01342,2,1,1.67198,2,4,gültig
202012,"02200207",Gleisdreieck,2067,"02",0.99857,1,1,,,,3.0479,1,1,6.16622,1,1,0.10134,1,4,,,,-0.24819,2,3,-0.28539,2,3,gültig
202012,"02200208",Rathaus Yorckstraße,6008,"02",5.49548,2,3,,,,12.38349,2,3,24.35424,2,3,1.12021,2,5,,,,-1.37286,2,2,-3.28621,2,2,gültig
202012,"02200209",Viktoriapark,10969,"02",4.11074,2,3,,,,8.38727,2,2,16.11625,2,2,0.79681,2,4,,,,-1.0827,2,2,-1.66005,2,3,gültig
202012,"02200210",Urbanstraße,12384,"02",4.63859,2,3,,,,10.12597,2,3,19.42634,2,2,1.21127,2,5,,,,-0.82031,2,3,-0.5483,2,3,gültig
202012,"02200211",Chamissokiez,14760,"02",4.6166,2,3,,,,9.85095,2,2,17.35107,2,2,1.26044,2,5,,,,-0.36286,2,3,-1.69112,2,3,gültig
202012,"02200212",Graefekiez Süd,8602,"02",7.96134,3,4,,,,17.33318,2,4,34.8763,2,4,2.49354,3,6,,,,-2.13123,2,1,-1.83754,2,3,gültig
202012,"02200213",Graefekiez Nord,10284,"02",4.83483,2,3,,,,11.40607,2,3,17.7761,2,2,1.07703,2,5,,,,-0.42416,2,3,-1.43819,2,3,gültig
202012,"02300314",Oranienplatz,7587,"02",10.22903,4,5,,,,21.61592,4,5,47.93103,3,5,3.05504,3,6,,,,-1.17537,2,2,2.21099,2,5,gültig
202012,"02300315",Lausitzer Platz,8723,"02",8.37658,3,5,,,,19.6492,3,4,37.23958,2,4,2.46338,3,6,,,,-1.0031,2,2,1.21629,2,4,gültig
202012,"02300316",Köpenicker Straße,4215,"02",6.65615,2,4,,,,16.18031,2,4,31.96078,2,4,0.95156,2,4,,,,-1.07964,2,2,2.23637,2,5,gültig
202012,"02300417",Reichenberger Straße West,8433,"02",7.66651,2,4,,,,16.74374,2,4,33.23917,2,4,1.94627,2,5,,,,-1.76445,2,2,-4.23814,2,1,gültig
202012,"02300418",Reichenberger Straße Ost,7710,"02",6.69401,2,4,,,,13.46304,2,3,23.81974,2,3,1.92366,2,5,,,,-1.39286,2,2,-3.398,2,2,gültig
202012,"02300419",Wrangelkiez,10903,"02",6.22411,2,4,,,,12.94139,2,3,24.55043,2,3,1.23636,2,5,,,,-1.06684,2,2,0.25413,2,4,gültig
202012,"02400520",Barnimkiez,5451,"02",7.10692,2,4,,,,11.0255,2,3,33.33333,2,4,1.97788,2,5,,,,-1.77598,2,2,-3.36088,2,2,gültig
202012,"02400521",Friedenstraße,7858,"02",4.36859,2,3,,,,8.72996,2,2,21.73913,2,3,1.51145,2,5,,,,-1.01074,2,2,-2.26087,2,2,gültig
202012,"02400522",Richard-Sorge-Viertel,11262,"02",3.29814,2,2,,,,6.55301,2,2,13.20631,2,2,0.64748,2,4,,,,-0.37538,2,3,-0.77732,2,3,gültig
202012,"02400623",Andreasviertel,13307,"02",5.78179,2,3,,,,13.33133,2,3,37.24305,2,4,1.2323,2,5,,,,-0.43949,2,3,-2.28575,2,2,gültig
202012,"02400624",Weberwiese,11314,"02",3.63207,2,2,,,,5.88651,2,2,10.94891,2,2,1.17363,2,5,,,,0.06313,2,4,2.29812,2,5,gültig
202012,"02400625",Wriezener Bahnhof,1136,"02",6.00858,2,4,,,,17.69366,2,4,57.69231,4,5,0.66099,2,4,,,,-3.25872,1,1,-0.84428,2,3,gültig
202012,"02500726",Hausburgviertel,9134,"02",4.72577,2,3,,,,9.15262,2,2,18.65737,2,2,0.85727,2,4,,,,0.12149,2,4,1.18525,2,4,gültig
202012,"02500727",Forckenbeckplatz,6623,"02",3.81794,2,2,,,,8.45538,2,2,14.26844,2,2,0.39145,2,4,,,,-0.3284,2,3,-0.54637,2,3,gültig
202012,"02500728",Samariterviertel,10109,"02",4.34627,2,3,,,,7.31032,2,2,11.05491,2,2,1.24646,2,5,,,,-0.63731,2,3,-1.33989,2,3,gültig
202012,"02500729",Pettenkofer Straße,5441,"02",4.05498,2,3,,,,7.53538,2,2,12.30398,2,2,1.01987,2,5,,,,-0.65748,2,3,-1.05299,2,3,gültig
202012,"02500830",Niederbarnimstraße,3931,"02",4.49129,2,3,,,,7.78428,2,2,11.40351,2,2,0.75184,2,4,,,,-0.17987,2,3,-1.83178,2,3,gültig
202012,"02500831",Wismarplatz,7877,"02",4.90996,2,3,,,,9.85147,2,2,21.14804,2,3,1.15159,2,5,,,,-0.54126,2,3,-2.26507,2,2,gültig
202012,"02500832",Traveplatz,9064,"02",5.45528,2,3,,,,11.03266,2,3,23.92727,2,3,0.7632,2,4,,,,-2.3023,2,1,-3.20796,2,2,gültig
202012,"02500833",Boxhagener Platz,10190,"02",3.854,2,2,,,,7.08538,2,2,17.17557,2,2,0.62186,2,4,,,,0.02281,2,4,1.89255,2,4,gültig
202012,"02500834",Revaler Straße,11378,"02",2.9418,2,2,,,,5.73036,2,2,9.31877,2,1,0.65025,2,4,,,,-0.01472,2,3,-0.49156,2,3,gültig
202012,"02500835",Stralauer Kiez,7868,"02",4.21724,2,3,,,,8.07067,2,2,18.91026,2,2,1.13686,2,5,,,,-0.27363,2,3,0.10395,2,4,gültig
202012,"02500836",Stralauer Halbinsel,4709,"02",1.43775,1,1,,,,3.48269,1,1,3.89064,1,1,0.2091,2,4,,,,0.90068,3,4,1.08286,2,4,gültig
202012,"03100101",Bucher Forst,4499,"03",7.94118,3,4,,,,8.64637,2,2,12.37374,2,2,2.7287,3,6,,,,-0.61246,2,3,-1.55384,2,3,gültig
202012,"03100102",Klinikum Buch,3214,"03",6.32591,2,4,,,,10.67206,2,3,25,2,3,1.97808,2,5,,,,0.03451,2,4,3.99408,3,5,gültig
202012,"03100103",Karower Chaussee,8979,"03",7.80798,2,4,,,,14.31117,2,3,32.92765,2,4,1.63972,2,5,,,,-2.16324,2,1,-3.16068,2,2,gültig
202012,"03200204",Blankenfelde,2058,"03",1.8254,1,1,,,,2.6725,1,1,4.24028,1,1,0.47309,2,4,,,,-1.09118,2,2,-1.33075,2,3,gültig
202012,"03200205",Uhlandstraße,8696,"03",1.81135,1,1,,,,4.33533,2,1,6.03053,1,1,0.43856,2,4,,,,0.15828,2,4,-0.02311,2,3,gültig
202012,"03200206",Pastor-Niemöller-Platz,6404,"03",2.43902,2,2,,,,5.24672,2,2,7.03196,1,1,0.01284,1,4,,,,0.32317,2,4,-0.5619,2,3,gültig
202012,"03200207",Herthaplatz,11464,"03",3.08054,2,2,,,,5.90544,2,2,11.34605,2,2,0.73648,2,4,,,,-0.39679,2,3,0.23494,2,4,gültig
202012,"03200308",Nisbléstraße,5220,"03",1.7452,1,1,,,,3.54406,1,1,4.81651,1,1,0.55886,2,4,,,,-0.85858,2,3,-1.74855,2,3,gültig
202012,"03200309",Eddastraße,5238,"03",2.41796,2,2,,,,4.77281,2,1,8.47851,2,1,0.55955,2,4,,,,-1.15136,2,2,-3.30094,2,2,gültig
202012,"03200310",Krugpfuhl,7961,"03",2.07382,2,2,,,,5.3134,2,2,10.17831,2,2,0.60683,2,4,,,,-0.76033,2,3,-1.17073,2,3,gültig
202012,"03300411",Karow Nord,11455,"03",3.93213,2,2,,,,10.95591,2,3,23.19426,2,3,1.22688,2,5,,,,0.74626,3,4,2.09761,2,5,gültig
202012,"03300412",Karow Bahnhof,5138,"03",1.19889,1,1,,,,1.88789,1,1,2.13415,1,1,0.40862,2,4,,,,-0.41662,2,3,-0.68509,2,3,gültig
202012,"03300413",Karow Ost,3101,"03",0.71283,1,1,,,,1.93486,1,1,2.6971,1,1,-0.07187,1,3,,,,-0.32054,2,3,-0.38298,2,3,gültig
202012,"03300514",Blankenburg,6875,"03",1.11137,1,1,,,,2.48727,1,1,4.05539,1,1,0.18502,2,4,,,,0.96435,3,4,2.09258,2,5,gültig
202012,"03300515",Blankenburger Süden,38,"03",-9999,-9999,-9999,-9999,-9999,-9999,-9999,-9999,-9999,-9999,-9999,-9999,-9999,-9999,-9999,-9999,-9999,-9999,-9999,-9999,-9999,-9999,-9999,-9999,ungültig (EW unter 300)
202012,"03300516",Heinersdorf,7779,"03",3.1583,2,2,,,,5.60483,2,2,12.59982,2,2,1.29169,2,5,,,,0.94669,3,4,4.85728,3,6,gültig
202012,"03300517",Märchenland,1120,"03",0.91743,1,1,,,,1.33929,1,1,4.16667,1,1,0.02057,1,4,,,,-0.95956,2,3,-2.23333,2,2,gültig
202012,"03400618",Rosenthal,4742,"03",1.8238,1,1,,,,3.26866,1,1,4.69974,1,1,0.48537,2,4,,,,-0.26229,2,3,-1.23018,2,3,gültig
202012,"03400619",Wilhelmsruh,10438,"03",2.5815,2,2,,,,4.55068,2,1,10.13185,2,2,0.5522,2,4,,,,0.24256,2,4,0.7453,2,4,gültig
202012,"03400620",Schönholz,3509,"03",1.90265,1,1,,,,4.10373,2,1,2.58303,1,1,0.32785,2,4,,,,1.12399,3,5,-0.77518,2,3,gültig
202012,"03400721",Florakiez,11438,"03",2.88199,2,2,,,,5.49047,2,2,7.53212,1,1,0.55409,2,4,,,,0.0711,2,4,1.4884,2,4,gültig
202012,"03400722",Parkstraße,3607,"03",1.71017,1,1,,,,3.43776,1,1,4.44811,1,1,0.21237,2,4,,,,-0.12499,2,3,0.7334,2,4,gültig
202012,"03400723",Garbátyplatz,7112,"03",3.72487,2,2,,,,6.24297,2,2,11.57811,2,2,0.7856,2,4,,,,-1.33325,2,2,0.93622,2,4,gültig
202012,"03400724",Wolfshagener Straße,7633,"03",3.64842,2,2,,,,7.34967,2,2,15.40905,2,2,0.8095,2,4,,,,-0.49863,2,3,-0.42279,2,3,gültig
202012,"03400725",Schlosspark,7450,"03",3.47349,2,2,,,,6.79195,2,2,15.33575,2,2,0.88832,2,4,,,,-0.46589,2,3,2.04703,2,5,gültig
202012,"03400826",Tiroler Viertel,6620,"03",3.55987,2,2,,,,6.40483,2,2,12.40602,2,2,0.94626,2,4,,,,-0.75229,2,3,0.44191,2,4,gültig
202012,"03400827",Trelleborger Viertel,9628,"03",3.6058,2,2,,,,5.85791,2,2,10.59078,2,2,0.81585,2,4,,,,-0.56011,2,3,1.00775,2,4,gültig
202012,"03400828",Spiekermann Straße,4615,"03",2.81385,2,2,,,,4.96208,2,1,8.78735,2,1,-0.24415,1,3,,,,-1.22521,2,2,-3.09384,2,2,gültig
202012,"03400829",Arnold-Zweig-Straße,5583,"03",2.84784,2,2,,,,6.39441,2,2,13.45455,2,2,0.92635,2,4,,,,-0.41159,2,3,0.98289,2,4,gültig
202012,"03400830",Kissingenviertel,9292,"03",4.3853,2,3,,,,8.2867,2,2,18.82262,2,2,1.17839,2,5,,,,-0.01548,2,3,2.04466,2,5,gültig
202012,"03400831",Pankower Tor,,"03",-9999,-9999,-9999,-9999,-9999,-9999,-9999,-9999,-9999,-9999,-9999,-9999,-9999,-9999,-9999,-9999,-9999,-9999,-9999,-9999,-9999,-9999,-9999,-9999,ungültig (EW unter 300)
202012,"03500932",Bühringstraße,5096,"03",5.10174,2,3,,,,8.83046,2,2,20.91988,2,3,0.35405,2,4,,,,-4.22704,1,1,-8.24172,1,1,gültig
202012,"03500933",Weißer See,7551,"03",3.12375,2,2,,,,6.46272,2,2,10.92003,2,2,0.48232,2,4,,,,-0.11871,2,3,0.84509,2,4,gültig
202012,"03500934",Weißenseer Spitze,10049,"03",4.59042,2,3,,,,6.37874,2,2,9.62635,2,1,1.51181,2,5,,,,-1.61175,2,2,-1.98782,2,3,gültig
202012,"03500935",Behaimstraße,6407,"03",4.81007,2,3,,,,7.46059,2,2,9.9356,2,1,0.35367,2,4,,,,-2.58827,1,1,-4.88998,1,1,gültig
202012,"03500936",Komponistenviertel Weißensee,9819,"03",3.78261,2,2,,,,7.95397,2,2,15.55934,2,2,0.47525,2,4,,,,-0.32896,2,3,1.67045,2,4,gültig
202012,"03501037",Rathaus Weißensee,8509,"03",6.54858,2,4,,,,8.99048,2,2,22.38232,2,3,1.64416,2,5,,,,-1.91523,2,2,-3.59594,2,2,gültig
202012,"03501038",Hansastraße,7324,"03",3.36062,2,2,,,,7.52321,2,2,20.40816,2,3,0.96233,2,4,,,,-0.90476,2,3,-1.8898,2,3,gültig
202012,"03601139",Norweger Viertel,3795,"03",4.63621,2,3,,,,7.56258,2,2,14.16667,2,2,0.6182,2,4,,,,-0.95097,2,3,-3.19274,2,2,gültig
202012,"03601140",Malmöer Straße,5884,"03",3.18565,2,2,,,,4.77566,2,1,4.67626,1,1,0.61524,2,4,,,,-1.04017,2,2,-1.19141,2,3,gültig
202012,"03601141",Arnimplatz,6576,"03",3.09016,2,2,,,,5.56569,2,2,9.68421,2,1,0.95542,2,4,,,,-0.56055,2,3,1.11588,2,4,gültig
202012,"03601142",Falkplatz,10744,"03",2.94391,2,2,,,,4.98883,2,1,6.12245,1,1,0.74738,2,4,,,,0.30264,2,4,0.18553,2,4,gültig
202012,"03601243",Rodenbergstraße,7032,"03",2.44648,2,2,,,,4.52218,2,1,5.88915,1,1,0.4367,2,4,,,,-0.41943,2,3,-0.5967,2,3,gültig
202012,"03601244",Humannplatz,7600,"03",2.50768,2,2,,,,4.64474,2,1,7.0407,1,1,0.47349,2,4,,,,-0.21956,2,3,0.37403,2,4,gültig
202012,"03601245",Ostseestraße,12813,"03",4.39333,2,3,,,,7.94506,2,2,17.76119,2,2,1.21658,2,5,,,,-1.31434,2,2,-3.13664,2,2,gültig
202012,"03601346",Gethsemanekirche,5470,"03",3.21771,2,2,,,,6.67276,2,2,9.87074,2,1,0.65185,2,4,,,,0.0591,2,4,0.5787,2,4,gültig
202012,"03601347",Helmholtzplatz,9548,"03",3.37211,2,2,,,,6.25262,2,2,8.07692,2,1,0.8431,2,4,,,,-0.09642,2,3,0.37528,2,4,gültig
202012,"03601348",Senefelderstraße,7516,"03",3.39623,2,2,,,,5.16232,2,2,5.84532,1,1,0.87106,2,4,,,,0.17794,2,4,1.17983,2,4,gültig
202012,"03601449",Michelangelostraße,9970,"03",7.20243,2,4,,,,10.57172,2,3,35.37981,2,4,1.9332,2,5,,,,-0.84714,2,3,-1.72574,2,3,gültig
202012,"03601450",Volkspark Prenzlauer Berg,3965,"03",13.63063,4,5,,,,22.87516,4,5,50.58824,4,5,4.69296,3,6,,,,3.87371,3,6,15.25491,3,6,gültig
202012,"03601451",Anton-Saefkow-Park,6373,"03",3.88678,2,2,,,,7.07673,2,2,9.82249,2,1,0.86724,2,4,,,,-0.46344,2,3,1.31909,2,4,gültig
202012,"03601452",Velodrom,4063,"03",5.46749,2,3,,,,10.68176,2,3,24.9501,2,3,1.08768,2,5,,,,-0.48292,2,3,-2.34248,2,2,gültig
202012,"03601453",Alter Schlachthof,2825,"03",0.54083,1,1,,,,1.34513,1,1,0.66401,1,1,0.24462,2,4,,,,0.40528,2,4,0.01968,2,4,gültig
202012,"03701554",Teutoburger Platz,11328,"03",2.29302,2,2,,,,4.74929,2,1,6.49718,1,1,0.43182,2,4,,,,0.26873,2,4,-0.71054,2,3,gültig
202012,"03701555",Sredzkistraße,7274,"03",2.90507,2,2,,,,4.26175,2,1,5.19481,1,1,0.61261,2,4,,,,0.14952,2,4,1.20898,2,4,gültig
202012,"03701556",Kollwitzplatz,8656,"03",1.97527,1,1,,,,4.28604,2,1,6.24152,1,1,0.48945,2,4,,,,0.38015,2,4,2.03234,2,5,gültig
202012,"03701657",Thälmannpark,3188,"03",6.62344,2,4,,,,12.07654,2,3,24.42396,2,3,1.59399,2,5,,,,-0.52798,2,3,4.65652,3,6,gültig
202012,"03701658",Christburger Straße,8448,"03",2.75831,2,2,,,,4.85322,2,1,6.53644,1,1,0.74908,2,4,,,,0.0729,2,4,1.01583,2,4,gültig
202012,"03701659",Immanuelkirchstraße,9164,"03",2.73342,2,2,,,,4.95417,2,1,8.12672,2,1,0.67991,2,4,,,,0.27791,2,4,0.3578,2,4,gültig
202012,"03701660",Bötzowstraße,12823,"03",2.56463,2,2,,,,4.91305,2,1,6.2069,1,1,0.32074,2,4,,,,0.31264,2,4,1.02009,2,4,gültig
202012,"04100101",Jungfernheide/Plötzensee,11548,"04",7.52953,2,4,,,,16.81676,2,4,43.97463,3,5,0.74456,2,4,,,,-2.07606,2,1,-5.7078,1,1,gültig
202012,"04100102",Paul-Hertz-Siedlung,7855,"04",10.80474,4,5,,,,24.13749,4,5,50.64443,4,5,2.03532,3,6,,,,-2.49619,1,1,-2.23185,2,2,gültig
202012,"04200203",Olympiagelände,1482,"04",1.61638,1,1,,,,1.95682,1,1,7.18232,1,1,0.00694,1,4,,,,-0.22861,2,3,1.39285,2,4,gültig
202012,"04200204",Angerburger Allee,2832,"04",2.94985,2,2,,,,5.19068,2,2,11.39706,2,2,0.62775,2,4,,,,0.55492,3,4,-2.18319,2,2,gültig
202012,"04200205",Flatowallee,2569,"04",1.76614,1,1,,,,2.99728,1,1,7.66423,1,1,0.33312,2,4,,,,-0.28525,2,3,0.02303,2,4,gültig
202012,"04200206",Kranzallee,2963,"04",1.92744,1,1,,,,3.77995,1,1,7.50605,1,1,0.53614,2,4,,,,0.01541,2,4,2.69836,2,5,gültig
202012,"04200207",Eichkamp,3192,"04",0.45956,1,1,,,,1.53509,1,1,3.15789,1,1,-0.08098,1,3,,,,0.16439,2,4,-0.57544,2,3,gültig
202012,"04200308",Branitzer Platz,6379,"04",2.99265,2,2,,,,7.17981,2,2,19.50904,2,2,0.95503,2,4,,,,1.86204,3,5,10.19606,3,6,gültig
202012,"04200309",Neu Westend,6936,"04",2.51542,2,2,,,,4.49827,2,1,10.21898,2,2,0.2796,2,4,,,,0.01282,2,4,2.9187,3,5,gültig
202012,"04200310",Fürstenplatz,7809,"04",3.42027,2,2,,,,6.00589,2,2,13.40909,2,2,1.38775,2,5,,,,0.43649,2,4,2.06406,2,5,gültig
202012,"04200311",Königin-Elisabeth-Straße,7218,"04",4.64228,2,3,,,,7.75838,2,2,18.93333,2,2,1.90416,2,5,,,,-0.48117,2,3,-1.60931,2,3,gültig
202012,"04300412",Schlossgarten,3329,"04",5.80087,2,3,,,,14.5389,2,3,22,2,3,-0.15843,1,3,,,,-2.81674,1,1,-12.06114,1,1,gültig
202012,"04300413",Klausenerplatz,10334,"04",5.18932,2,3,,,,12.99594,2,3,24.61651,2,3,1.15144,2,5,,,,-1.78063,2,2,-2.71226,2,2,gültig
202012,"04300414",Schloßstraße,10786,"04",3.54304,2,2,,,,7.42629,2,2,13.36554,2,2,0.56426,2,4,,,,-1.78472,2,2,-4.68362,2,1,gültig
202012,"04300415",Lietzensee,6488,"04",3.41126,2,2,,,,7.25956,2,2,13.76582,2,2,0.28701,2,4,,,,-0.69113,2,3,0.51661,2,4,gültig
202012,"04300416",Amtsgerichtsplatz,12145,"04",3.42482,2,2,,,,6.9823,2,2,16.08232,2,2,1.16391,2,5,,,,-0.54493,2,3,-1.738,2,3,gültig
202012,"04300517",Tegeler Weg,9637,"04",5.20078,2,3,,,,11.09266,2,3,26.08696,2,3,0.67403,2,4,,,,-1.10857,2,2,-2.54507,2,2,gültig
202012,"04300518",Kaiserin-Augusta-Allee,5930,"04",5.04775,2,3,,,,11.28162,2,3,29.64072,2,3,0.52194,2,4,,,,-1.8348,2,2,-4.27998,2,1,gültig
202012,"04300619",Alt-Lietzow,8859,"04",4.24583,2,3,,,,9.50446,2,2,21.88516,2,3,0.75403,2,4,,,,-0.62269,2,3,-0.50781,2,3,gültig
202012,"04300620",Spreestadt,3429,"04",4.16513,2,3,,,,10.09041,2,3,24.11765,2,3,0.18545,2,4,,,,-2.76484,1,1,-5.64824,1,1,gültig
202012,"04300621",Richard-Wagner-Straße,10811,"04",5.28801,2,3,,,,11.66405,2,3,24.36333,2,3,1.33214,2,5,,,,-0.65941,2,3,0.87456,2,4,gültig
202012,"04300622",Ernst-Reuter-Platz,5157,"04",4.54917,2,3,,,,12.10006,2,3,24.95697,2,3,0.13491,1,4,,,,-1.20951,2,2,0.08302,2,4,gültig
202012,"04300623",Karl-August-Platz,12121,"04",4.38527,2,3,,,,9.61142,2,2,21.46848,2,3,0.70035,2,4,,,,-1.15278,2,2,-1.49109,2,3,gültig
202012,"04300624",Savignyplatz,9538,"04",3.29703,2,2,,,,6.02852,2,2,14.50472,2,2,0.97043,2,4,,,,-0.18786,2,3,0.47963,2,4,gültig
202012,"04400725",Güterbahnhof Grunewald,110,"04",-9999,-9999,-9999,-9999,-9999,-9999,-9999,-9999,-9999,-9999,-9999,-9999,-9999,-9999,-9999,-9999,-9999,-9999,-9999,-9999,-9999,-9999,-9999,-9999,ungültig (EW unter 300)
202012,"04400726",Bismarckallee,5470,"04",2.35586,2,2,,,,6.58135,2,2,12.14575,2,2,0.78723,2,4,,,,0.74738,3,4,4.54341,3,6,gültig
202012,"04400727",Flinsberger Platz,8264,"04",3.58276,2,2,,,,6.53437,2,2,15.22453,2,2,0.8604,2,4,,,,-1.1951,2,2,-1.18685,2,3,gültig
202012,"04400728",Hagenplatz,3173,"04",1.53322,1,1,,,,3.24614,1,1,3.5533,1,1,0.29062,2,4,,,,0.15369,2,4,-1.35133,2,3,gültig
202012,"04400729",Hundekehle,2796,"04",1.23617,1,1,,,,3.57654,1,1,5.49451,1,1,0.29396,2,4,,,,0.75168,3,4,3.02537,3,5,gültig
202012,"04400830",Forckenbeckstraße,7119,"04",4.05594,2,3,,,,6.78466,2,2,14.89573,2,2,0.81901,2,4,,,,-0.48355,2,3,2.61312,2,5,gültig
202012,"04400831",Messelpark,1513,"04",0.75662,1,1,,,,1.78453,1,1,3.52941,1,1,0.04233,1,4,,,,0.07625,2,4,1.01369,2,4,gültig
202012,"04400832",Breite Straße,7023,"04",2.40705,2,2,,,,5.0121,2,2,9.34211,2,1,0.59909,2,4,,,,0.70261,3,4,4.29563,3,6,gültig
202012,"04400833",Schlangenbader Straße,4178,"04",6.28205,2,4,,,,13.236,2,3,31.49038,2,4,1.56427,2,5,,,,2.5381,3,6,11.99177,3,6,gültig
202012,"04400834",Binger Straße,3574,"04",2.31936,2,2,,,,5.54001,2,2,8.20896,2,1,-0.04906,1,3,,,,-0.81545,2,3,-0.43969,2,3,gültig
202012,"04400835",Rüdesheimer Platz,10593,"04",2.32697,2,2,,,,4.89002,2,1,8.09444,2,1,0.33488,2,4,,,,-0.0591,2,3,0.82913,2,4,gültig
202012,"04500936",Droysenstraße,5638,"04",3.76259,2,2,,,,8.51366,2,2,22.01681,2,3,0.58964,2,4,,,,-0.64941,2,3,-2.79059,2,2,gültig
202012,"04500937",Halensee,7683,"04",3.131,2,2,,,,5.81804,2,2,9.61003,2,1,0.81003,2,4,,,,-0.8963,2,3,-1.05279,2,3,gültig
202012,"04500938",Hochmeisterplatz,7919,"04",3.49894,2,2,,,,7.46306,2,2,16.87571,2,2,0.84607,2,4,,,,-0.41115,2,3,-1.46339,2,3,gültig
202012,"04500939",Eisenzahnstraße,6496,"04",4.42077,2,3,,,,8.5899,2,2,19.2848,2,2,0.40219,2,4,,,,-1.33895,2,2,-5.39605,1,1,gültig
202012,"04501040",Hindemithplatz,5998,"04",2.70466,2,2,,,,5.63521,2,2,7.07237,1,1,0.88255,2,4,,,,-0.72184,2,3,0.0877,2,4,gültig
202012,"04501041",George-Grosz-Platz,5597,"04",2.5869,2,2,,,,5.52081,2,2,11.79673,2,2,0.55644,2,4,,,,-0.00229,2,3,1.72606,2,4,gültig
202012,"04501042",Breitscheidplatz,3581,"04",4.84998,2,3,,,,10.05306,2,3,31.67082,2,4,2.39426,3,6,,,,1.48394,3,5,11.46357,3,6,gültig
202012,"04501043",Preußenpark,11048,"04",3.1263,2,2,,,,6.3903,2,2,11.70124,2,2,0.83688,2,4,,,,0.42444,2,4,3.12981,3,5,gültig
202012,"04501044",Ludwigkirchplatz,5283,"04",3.33137,2,2,,,,7.1361,2,2,15.2,2,2,0.13713,1,4,,,,-0.13324,2,3,0.30638,2,4,gültig
202012,"04501045",Schaperstraße,9334,"04",3.55883,2,2,,,,7.45661,2,2,16.68533,2,2,0.28146,2,4,,,,-0.14454,2,3,-1.44466,2,3,gültig
202012,"04501146",Barstraße,4715,"04",5.30003,2,3,,,,10.90138,2,3,28.482,2,3,1.70516,2,5,,,,-2.02408,2,1,-4.42535,2,1,gültig
202012,"04501147",Leon-Jessel-Platz,5625,"04",2.94338,2,2,,,,8.39111,2,2,19.06977,2,2,0.4945,2,4,,,,-0.16648,2,3,1.92233,2,4,gültig
202012,"04501148",Brabanter Platz,4436,"04",4.21121,2,3,,,,9.98647,2,2,24.05303,2,3,0.82401,2,4,,,,0.18125,2,4,0.46432,2,4,gültig
202012,"04501149",Nikolsburger Platz,9834,"04",3.50796,2,2,,,,6.83344,2,2,15.83412,2,2,0.7962,2,4,,,,-0.17685,2,3,2.2599,2,5,gültig
202012,"04501150",Wilhelmsaue,3071,"04",3.53714,2,2,,,,6.34972,2,2,11.31387,2,2,0.47279,2,4,,,,-0.55699,2,3,-1.71134,2,3,gültig
202012,"04501151",Hildegardstraße,7572,"04",2.63969,2,2,,,,5.8373,2,2,9.64912,2,1,0.44704,2,4,,,,0.10854,2,4,-0.6342,2,3,gültig
202012,"04501152",Prager Platz,6913,"04",3.77607,2,2,,,,6.52394,2,2,9.95608,2,1,0.60078,2,4,,,,-0.62607,2,3,-2.90942,2,2,gültig
202012,"04501153",Babelsberger Straße,7489,"04",3.82398,2,2,,,,9.88116,2,2,19.7411,2,2,0.50895,2,4,,,,0.84006,3,4,6.06787,3,6,gültig
202012,"05100101",Hakenfelde Nord,4079,"05",1.70691,1,1,,,,5.61412,2,2,8.81295,2,1,0.25188,2,4,,,,0.47878,2,4,-0.90365,2,3,gültig
202012,"05100102",Am Forstacker,4390,"05",6.05596,2,4,,,,12.8246,2,3,38.71636,2,4,0.91246,2,4,,,,-0.9762,2,3,-1.9022,2,3,gültig
202012,"05100103",Mertensstraße,5873,"05",6.49864,2,4,,,,14.89869,2,3,32.8907,2,4,0.6241,2,4,,,,-2.5287,1,1,-7.00743,1,1,gültig
202012,"05100104",Maselake,4830,"05",5.73937,2,3,,,,12.87785,2,3,29.77893,2,3,2.20914,3,6,,,,-1.08057,2,2,-2.18393,2,2,gültig
202012,"05100105",Amorbacher Weg,7608,"05",3.85173,2,2,,,,8.26761,2,2,19.27024,2,2,0.78164,2,4,,,,-0.95958,2,3,0.60508,2,4,gültig
202012,"05100206",Griesingerstraße,3619,"05",9.55137,4,5,,,,19.56342,3,4,43.1918,3,5,2.77004,3,6,,,,-1.39002,2,2,4.71897,3,6,gültig
202012,"05100207",An der Tränke,2314,"05",1.06572,1,1,,,,2.63613,1,1,7.98319,2,1,-0.33521,1,3,,,,-0.62918,2,3,-1.02582,2,3,gültig
202012,"05100208",Im Spektefeld,10703,"05",9.54743,4,5,,,,21.88172,4,5,49.4863,3,5,2.01787,3,6,,,,-0.72263,2,3,-2.66591,2,2,gültig
202012,"05100209",Westerwaldstraße,11547,"05",9.51526,4,5,,,,22.91504,4,5,48.57445,3,5,1.40153,2,5,,,,-2.93278,1,1,-1.80376,2,3,gültig
202012,"05100210",Germersheimer Platz,7709,"05",8.03236,3,5,,,,19.70424,3,4,46.30682,3,5,0.68997,2,4,,,,-3.34177,1,1,-5.67058,1,1,gültig
202012,"05100211",An der Kappe,6068,"05",4.46429,2,3,,,,9.24522,2,2,25.62674,2,3,1.46794,2,5,,,,-0.34023,2,3,2.86812,3,5,gültig
202012,"05100312",Eckschanze,4025,"05",7.06425,2,4,,,,17.3913,2,4,39.19156,2,4,0.90706,2,4,,,,-3.06668,1,1,-5.31016,1,1,gültig
202012,"05100313",Eiswerder,5756,"05",8.16632,3,5,,,,19.14524,3,4,42.08791,3,5,1.40584,2,5,,,,-2.48828,1,1,-6.97969,1,1,gültig
202012,"05100314",Kurstraße,7335,"05",10.52531,4,5,,,,25.31697,4,5,57.79889,4,5,1.26326,2,5,,,,-2.96272,1,1,-2.53234,2,2,gültig
202012,"05100315",Ackerstraße,6753,"05",7.66871,2,4,,,,18.56952,3,4,43.46473,3,5,1.07292,2,5,,,,-1.16732,2,2,-0.13031,2,3,gültig
202012,"05100316",Carl-Schurz-Straße,10341,"05",7.34789,2,4,,,,17.78358,2,4,44.01679,3,5,1.02139,2,5,,,,-1.49586,2,2,0.40415,2,4,gültig
202012,"05100317",Freiheit,3670,"05",7.28583,2,4,,,,16.13079,2,4,35.26405,2,4,2.70119,3,6,,,,2.56187,3,6,12.39716,3,6,gültig
202012,"05200418",Isenburger Weg,3839,"05",1.02264,1,1,,,,1.92759,1,1,3.84615,1,1,0.10294,1,4,,,,-0.19566,2,3,-1.05581,2,3,gültig
202012,"05200419",Am Heideberg,1694,"05",3.35968,2,2,,,,5.48996,2,2,9.52381,2,1,0.64065,2,4,,,,-0.50411,2,3,-0.93371,2,3,gültig
202012,"05200420",Staakener Straße,5780,"05",3.20391,2,2,,,,6.95502,2,2,17.75837,2,2,0.04908,1,4,,,,-1.0792,2,2,-1.57938,2,3,gültig
202012,"05200421",Spandauer Straße,4386,"05",5.38433,2,3,,,,11.10351,2,3,26.50771,2,3,0.95302,2,4,,,,-0.94112,2,3,2.13098,2,5,gültig
202012,"05200422",Werkstraße,1057,"05",2.98103,2,2,,,,8.23084,2,2,22.77228,2,3,1.36552,2,5,,,,1.00473,3,5,6.6649,3,6,gültig
202012,"05200423",Magistratsweg,6606,"05",8.77376,3,5,,,,19.98183,3,4,48.55491,3,5,0.89787,2,4,,,,-1.12092,2,2,-3.33698,2,2,gültig
202012,"05200524",Döberitzer Weg,3367,"05",1.93407,1,1,,,,4.3065,2,1,9.84456,2,1,0.48479,2,4,,,,0.30172,2,4,1.30597,2,4,gültig
202012,"05200525",Pillnitzer Weg,2431,"05",0.65574,1,1,,,,6.08803,2,2,5.89812,1,1,0.04099,1,4,,,,-0.03085,2,3,0.12304,2,4,gültig
202012,"05200526",Rudolf-Wissell-Großsiedlung,5734,"05",12.7732,4,5,,,,32.97872,4,5,67.36754,4,5,0.35471,2,4,,,,-3.89997,1,1,-7.25683,1,1,gültig
202012,"05200527",Maulbeerallee,11620,"05",15.37595,4,5,,,,38.87263,4,5,71.875,4,5,2.01607,3,6,,,,-1.88602,2,2,-0.4848,2,3,gültig
202012,"05200528",Weinmeisterhornweg,7019,"05",3.2819,2,2,,,,8.22054,2,2,20.23047,2,3,0.33788,2,4,,,,0.28426,2,4,0.92491,2,4,gültig
202012,"05200629",Borkumer Straße,7858,"05",6.04106,2,4,,,,13.08221,2,3,36.30505,2,4,0.86024,2,4,,,,-1.96215,2,2,-4.40596,2,1,gültig
202012,"05200630",Wilhelmstadt West,9806,"05",6.96296,2,4,,,,15.103,2,4,38.36066,2,4,1.51909,2,5,,,,-0.20969,2,3,2.93072,3,5,gültig
202012,"05200631",Wilhelmstadt Ost,8462,"05",7.33975,2,4,,,,15.90641,2,4,39.47858,2,4,1.15142,2,5,,,,-1.91643,2,2,-1.82577,2,3,gültig
202012,"05200632",Tiefwerder,3739,"05",7.38173,2,4,,,,20.88794,3,5,47.46318,3,5,0.4645,2,4,,,,-1.58367,2,2,-1.40779,2,3,gültig
202012,"05200633",Graetschelsteig,2003,"05",7.49306,2,4,,,,13.47978,2,3,38.66171,2,4,1.76822,2,5,,,,-0.38597,2,3,0.90237,2,4,gültig
202012,"05200634",Börnicker Straße,4436,"05",2.4882,2,2,,,,3.6294,1,1,8.05195,2,1,-0.03135,1,3,,,,0.55248,3,4,3.36445,3,5,gültig
202012,"05300735",Haveleck,1925,"05",3.67751,2,2,,,,8.93506,2,2,17.25888,2,2,2.97751,3,6,,,,5.13389,3,6,13.90067,3,6,gültig
202012,"05300736",Zitadellenweg,3667,"05",6.42015,2,4,,,,18.32561,3,4,36.88119,2,4,1.07122,2,5,,,,-1.54194,2,2,-2.52401,2,2,gültig
202012,"05300737",Gartenfelder Straße,10901,"05",8.21663,3,5,,,,17.64976,2,4,43.82184,3,5,1.40309,2,5,,,,-1.39431,2,2,-2.19654,2,2,gültig
202012,"05300838",Gartenfeld,21,"05",-9999,-9999,-9999,-9999,-9999,-9999,-9999,-9999,-9999,-9999,-9999,-9999,-9999,-9999,-9999,-9999,-9999,-9999,-9999,-9999,-9999,-9999,-9999,-9999,ungültig (EW unter 300)
202012,"05300839",Rohrdamm,7660,"05",6.42941,2,4,,,,15.70496,2,4,37.92251,2,4,1.0003,2,5,,,,-2.03741,2,1,-3.7583,2,2,gültig
202012,"05300840",Nonnendammallee,486,"05",4.5045,2,3,,,,10.28807,2,3,32.07547,2,4,1.6876,2,5,,,,-4.36037,1,1,-23.69376,1,1,gültig
202012,"05300841",Siemensdamm,4573,"05",6.03609,2,4,,,,13.33916,2,3,30.59581,2,4,1.51957,2,5,,,,-1.8942,2,2,-5.66962,1,1,gültig
202012,"05400942",Alt-Gatow,3642,"05",2.21176,2,2,,,,3.84404,1,1,8.37209,2,1,-0.17732,1,3,,,,-3.39363,1,1,-11.29083,1,1,gültig
202012,"05400943",Jägerallee,10315,"05",0.78576,1,1,,,,1.87106,1,1,2.29333,1,1,-0.09085,1,3,,,,0.01366,2,4,-0.63161,2,3,gültig
202012,"05400944",Kladower Damm,2198,"05",0.66834,1,1,,,,4.27662,2,1,2.6616,1,1,0.0801,1,4,,,,3.13767,3,6,1.49881,2,4,gültig
202012,"05400945",Kafkastraße,3682,"05",1.32316,1,1,,,,1.81966,1,1,3.80952,1,1,0.2897,2,4,,,,0.32306,2,4,-1.24311,2,3,gültig
202012,"06100101",Fichtenberg,6988,"06",1.62098,1,1,,,,3.59187,1,1,6.73712,1,1,0.15534,1,4,,,,0.4902,2,4,2.16922,2,5,gültig
202012,"06100102",Schloßstraße,8808,"06",3.19552,2,2,,,,6.13079,2,2,13.09735,2,2,0.52755,2,4,,,,-0.65961,2,3,0.14771,2,4,gültig
202012,"06100103",Markelstraße,6281,"06",2.5977,2,2,,,,4.71263,2,1,6.76203,1,1,0.7366,2,4,,,,-0.51149,2,3,-1.40918,2,3,gültig
202012,"06100204",Munsterdamm,6887,"06",4.04587,2,3,,,,7.66662,2,2,16.58228,2,2,0.90913,2,4,,,,-0.59772,2,3,0.12188,2,4,gültig
202012,"06100205",Südende,9881,"06",4.13885,2,3,,,,7.51948,2,2,17.69841,2,2,1.10311,2,5,,,,-0.73665,2,3,-0.55036,2,3,gültig
202012,"06100206",Stadtpark,7694,"06",3.30477,2,2,,,,6.8235,2,2,11.27983,2,2,0.72703,2,4,,,,-0.93635,2,3,-2.90236,2,2,gültig
202012,"06100207",Mittelstraße,8008,"06",3.5927,2,2,,,,6.58092,2,2,14.88033,2,2,0.38636,2,4,,,,-0.88405,2,3,-1.93481,2,3,gültig
202012,"06100208",Bergstraße,6824,"06",3.11493,2,2,,,,6.3306,2,2,9.97475,2,1,0.37639,2,4,,,,-1.02606,2,2,-1.86566,2,3,gültig
202012,"06100209",Feuerbachstraße,9339,"06",3.59431,2,2,,,,6.57458,2,2,13.23268,2,2,1.06366,2,5,,,,-1.0552,2,2,-1.54993,2,3,gültig
202012,"06100210",Bismarckstraße,4868,"06",3.87097,2,2,,,,7.66228,2,2,14.91086,2,2,0.80791,2,4,,,,-0.61875,2,3,-0.39859,2,3,gültig
202012,"06200311",Alt-Lankwitz,4937,"06",3.05556,2,2,,,,7.61596,2,2,14.21488,2,2,0.40988,2,4,,,,-0.7869,2,3,-2.48108,2,2,gültig
202012,"06200312",Komponistenviertel Lankwitz,6097,"06",2.49794,2,2,,,,4.52682,2,1,9.93289,2,1,0.51897,2,4,,,,0.01434,2,4,-1.19516,2,3,gültig
202012,"06200313",Lankwitz Kirche,7410,"06",5.54106,2,3,,,,10.09447,2,3,24.33333,2,3,1.02994,2,5,,,,-0.88395,2,3,-0.75103,2,3,gültig
202012,"06200314",Kaiser-Wilhelm-Straße,7313,"06",4.70271,2,3,,,,9.72241,2,2,22.45989,2,3,0.56926,2,4,,,,-0.79368,2,3,-1.16584,2,3,gültig
202012,"06200315",Gallwitzallee,5841,"06",4.9217,2,3,,,,8.61154,2,2,15.33742,2,2,0.82311,2,4,,,,-0.90016,2,3,-3.82204,2,2,gültig
202012,"06200316",Belßstraße,5558,"06",6.08622,2,4,,,,11.87478,2,3,31.98324,2,4,1.8054,2,5,,,,-0.96061,2,3,1.42768,2,4,gültig
202012,"06200317",Lankwitz Süd,6402,"06",2.25681,2,2,,,,4.85786,2,1,11.2232,2,2,0.5242,2,4,,,,-0.765,2,3,-1.6924,2,3,gültig
202012,"06200418",Landweg,0,"06",-9999,-9999,-9999,-9999,-9999,-9999,-9999,-9999,-9999,-9999,-9999,-9999,-9999,-9999,-9999,-9999,-9999,-9999,-9999,-9999,-9999,-9999,-9999,-9999,ungültig (EW unter 300)
202012,"06200419",Thermometersiedlung,4636,"06",7.18076,2,4,,,,14.51682,2,3,35.79278,2,4,0.45104,2,4,,,,-2.78549,1,1,-8.5186,1,1,gültig
202012,"06200420",Lichterfelde Süd,7055,"06",4.47164,2,3,,,,8.92984,2,2,20.92772,2,3,0.68176,2,4,,,,-1.58735,2,2,-3.82476,2,2,gültig
202012,"06200421",Königsberger Straße,8349,"06",3.38115,2,2,,,,6.4918,2,2,16.79688,2,2,0.85874,2,4,,,,0.18897,2,4,0.27947,2,4,gültig
202012,"06200422",Oberhofer Platz,7062,"06",2.35682,2,2,,,,3.97904,2,1,10.5673,2,2,0.74168,2,4,,,,-0.24926,2,3,1.0487,2,4,gültig
202012,"06200423",Schütte-Lanz-Straße,8627,"06",3.01084,2,2,,,,7.09401,2,2,19.78477,2,2,0.44879,2,4,,,,-0.06634,2,3,0.02532,2,4,gültig
202012,"06300524",Berlepschstraße,5670,"06",2.43828,2,2,,,,4.14462,2,1,10.02907,2,2,0.97843,2,4,,,,-0.69184,2,3,-1.76718,2,3,gültig
202012,"06300525",Zehlendorf Süd,5616,"06",4.11534,2,3,,,,8.67165,2,2,19.54023,2,2,0.91579,2,4,,,,0.0369,2,4,0.38818,2,4,gültig
202012,"06300526",Zehlendorf Mitte,3311,"06",2.30947,2,2,,,,5.01359,2,2,9.78723,2,1,0.67877,2,4,,,,-0.17651,2,3,2.15514,2,5,gültig
202012,"06300527",Sundgauer Straße,8385,"06",2.49476,2,2,,,,5.19976,2,2,9.684,2,1,0.86173,2,4,,,,0.12848,2,4,-0.17226,2,3,gültig
202012,"06300528",Teltower Damm,11050,"06",2.29885,2,2,,,,2.25339,1,1,4.57064,1,1,0.99624,2,4,,,,-0.31396,2,3,-0.36763,2,3,gültig
202012,"06300629",Botanischer Garten,7088,"06",3.23702,2,2,,,,4.54289,2,1,8.55346,2,1,1.12511,2,5,,,,-0.78913,2,3,-1.18212,2,3,gültig
202012,"06300630",Hindenburgdamm,5612,"06",4.83696,2,3,,,,8.76693,2,2,21.73913,2,3,1.39258,2,5,,,,0.89665,3,4,5.82273,3,6,gültig
202012,"06300631",Goerzwerke,3152,"06",1.86788,1,1,,,,3.96574,2,1,8.99183,2,1,0.17456,2,4,,,,-0.62053,2,3,-2.80442,2,2,gültig
202012,"06300632",Schweizer Viertel,13747,"06",2.34884,2,2,,,,2.95337,1,1,4.23768,1,1,0.71393,2,4,,,,-0.66118,2,3,-1.82701,2,3,gültig
202012,"06300633",Augustaplatz,12046,"06",3.34966,2,2,,,,4.82318,2,1,11.65414,2,2,0.83312,2,4,,,,-0.51758,2,3,-0.15641,2,3,gültig
202012,"06300634",Lichterfelde West,8511,"06",1.54743,1,1,,,,2.89038,1,1,5.28053,1,1,0.40412,2,4,,,,0.07928,2,4,0.74244,2,4,gültig
202012,"06400735",Wannsee,10126,"06",1.39421,1,1,,,,2.26151,1,1,3.98323,1,1,0.20271,2,4,,,,-0.25655,2,3,-0.78187,2,3,gültig
202012,"06400736",Düppel,5234,"06",1.50968,1,1,,,,4.33703,2,1,6.46388,1,1,0.47656,2,4,,,,-0.00369,2,3,0.53971,2,4,gültig
202012,"06400737",Nikolassee,11498,"06",1.46976,1,1,,,,2.89616,1,1,3.97805,1,1,0.26816,2,4,,,,0.61039,3,4,-0.07789,2,3,gültig
202012,"06400838",Krumme Lanke,7511,"06",0.95808,1,1,,,,1.53109,1,1,1.78197,1,1,0.13532,1,4,,,,-0.08542,2,3,-0.08138,2,3,gültig
202012,"06400839",Fischerhüttenstraße,5278,"06",1.49701,1,1,,,,3.31565,1,1,5.47753,1,1,0.25233,2,4,,,,0.49058,2,4,1.10435,2,4,gültig
202012,"06400840",Fischtal,7266,"06",1.43698,1,1,,,,2.75255,1,1,4.16667,1,1,0.2288,2,4,,,,-0.29681,2,3,-0.77425,2,3,gültig
202012,"06400841",Zehlendorf Eiche,5958,"06",2.27964,2,2,,,,3.96106,2,1,7.64075,1,1,0.21778,2,4,,,,-0.07133,2,3,1.03698,2,4,gültig
202012,"06400842",Hüttenweg,4810,"06",0.7838,1,1,,,,2.09979,1,1,3.75134,1,1,0.19091,2,4,,,,0.12808,2,4,0.63306,2,4,gültig
202012,"06400843",Thielallee,4902,"06",0.70258,1,1,,,,1.40759,1,1,0.91185,1,1,0.33834,2,4,,,,0.12733,2,4,-0.62446,2,3,gültig
202012,"06400844",Dahlem,7204,"06",1.09576,1,1,,,,2.01277,1,1,4.39673,1,1,0.09233,1,4,,,,0.20716,2,4,0.38025,2,4,gültig
202012,"07100101",Wittenbergplatz,9808,"07",4.74607,2,3,,,,11.04201,2,3,21.19565,2,3,1.01626,2,5,,,,-0.34621,2,3,0.48368,2,4,gültig
202012,"07100102",Kalckreuthstraße,8675,"07",6.65911,2,4,,,,16.87608,2,4,39.3586,2,4,1.93235,2,5,,,,-1.64537,2,2,-2.4209,2,2,gültig
202012,"07100103",Frobenstraße,7712,"07",7.58412,2,4,,,,21.90093,4,5,45.05051,3,5,1.97089,2,5,,,,-1.26277,2,2,-2.13396,2,2,gültig
202012,"07100204",Barbarossaplatz,10468,"07",3.23443,2,2,,,,8.19641,2,2,15.58966,2,2,0.89563,2,4,,,,-0.34602,2,3,0.45022,2,4,gültig
202012,"07100205",Alvenslebenstraße,5257,"07",9.57762,4,5,,,,23.79684,4,5,45.16129,3,5,2.72631,3,6,,,,-2.68363,1,1,-7.79501,1,1,gültig
202012,"07100206",Großgörschenstraße,8223,"07",5.26064,2,3,,,,14.8486,2,3,24.33759,2,3,0.0051,1,4,,,,-1.41993,2,2,-3.90448,2,2,gültig
202012,"07200307",Bayerischer Platz,10578,"07",3.62491,2,2,,,,7.55341,2,2,13.59307,2,2,1.22666,2,5,,,,-0.46154,2,3,0.34111,2,4,gültig
202012,"07200308",Volkspark (Rudolph-Wilde-Park),10501,"07",5.73172,2,3,,,,12.57023,2,3,28.75912,2,3,1.64846,2,5,,,,0.61097,3,4,3.71847,3,5,gültig
202012,"07200409",Belziger Straße,9460,"07",3.10657,2,2,,,,9.33404,2,2,12.32014,2,2,0.21254,2,4,,,,-0.45051,2,3,-2.76915,2,2,gültig
202012,"07200410",Feurigstraße,5565,"07",7.99104,3,4,,,,19.3531,3,4,43.52201,3,5,2.7919,3,6,,,,-0.81187,2,3,0.60964,2,4,gültig
202012,"07200411",Julius-Leber-Brücke,2786,"07",4.31925,2,3,,,,11.77315,2,3,15.80645,2,2,0.96417,2,4,,,,-1.10617,2,2,-1.50124,2,3,gültig
202012,"07200412",Schöneberger Linse,1094,"07",3.26577,2,2,,,,12.88848,2,3,33.33333,2,4,-1.37191,1,2,,,,-2.32891,2,1,-23.11828,1,1,gültig
202012,"07200413",Cheruskerstraße,7886,"07",3.40946,2,2,,,,8.86381,2,2,14.00209,2,2,0.89113,2,4,,,,-0.13269,2,3,0.0041,2,4,gültig
202012,"07200414",Hohenfriedbergstraße,3736,"07",3.45188,2,2,,,,9.71627,2,2,13.70143,2,2,0.93029,2,4,,,,-0.22478,2,3,-3.49602,2,2,gültig
202012,"07300515",Taunusstraße,6860,"07",1.92518,1,1,,,,4.6793,2,1,7.59346,1,1,0.51703,2,4,,,,-0.1255,2,3,0.05921,2,4,gültig
202012,"07300516",Odenwaldstraße,8839,"07",2.04082,2,2,,,,4.85349,2,1,7.6225,1,1,0.48983,2,4,,,,-0.1761,2,3,0.0947,2,4,gültig
202012,"07300517",Perelsplatz,8767,"07",2.0451,2,2,,,,4.90476,2,1,6.91164,1,1,0.55151,2,4,,,,-0.68395,2,3,-1.65508,2,3,gültig
202012,"07300618",Ceciliengärten,9371,"07",2.51209,2,2,,,,5.73044,2,2,10.26518,2,2,0.49775,2,4,,,,-0.68973,2,3,-1.71758,2,3,gültig
202012,"07300619",Grazer Platz,12302,"07",4.58768,2,3,,,,12.69712,2,3,26.39769,2,3,0.81982,2,4,,,,-0.03778,2,3,1.36865,2,4,gültig
202012,"07400720",Gontermannstraße,12038,"07",5.66502,2,3,,,,11.84582,2,3,27.8481,2,3,1.45794,2,5,,,,-1.23129,2,2,-0.62872,2,3,gültig
202012,"07400721",Paradestraße,5464,"07",2.58572,2,2,,,,8.65666,2,2,14.21053,2,2,0.36298,2,4,,,,-1.0139,2,2,-0.78162,2,3,gültig
202012,"07400822",Lindenhofsiedlung,2255,"07",4.82809,2,3,,,,11.04213,2,3,21.48148,2,3,0.50844,2,4,,,,-2.09132,2,1,-4.44445,2,1,gültig
202012,"07400823",Wittekindstraße,9832,"07",5.21081,2,3,,,,13.78153,2,3,34.38767,2,4,0.15726,1,4,,,,-0.73493,2,3,-3.62299,2,2,gültig
202012,"07400824",Bosepark,7390,"07",4.59194,2,3,,,,11.06901,2,3,22.86528,2,3,1.21892,2,5,,,,0.03058,2,4,0.84326,2,4,gültig
202012,"07400825",Friedrich-Karl-Straße,7360,"07",4.99072,2,3,,,,12.14674,2,3,28.98089,2,3,1.00562,2,5,,,,-1.69206,2,2,-2.01699,2,2,gültig
202012,"07400826",Marienhöhe,5114,"07",3.48618,2,2,,,,10.42237,2,3,22.2028,2,3,0.29868,2,4,,,,-0.47062,2,3,-1.40831,2,3,gültig
202012,"07400927",Rathaus Tempelhof,11104,"07",6.30108,2,4,,,,14.44524,2,3,36.20237,2,4,1.20637,2,5,,,,-1.1063,2,2,-1.29763,2,3,gültig
202012,"07400928",Germaniagarten,3980,"07",9.31864,3,5,,,,23.51759,4,5,58.23009,4,5,1.35926,2,5,,,,-3.25329,1,1,0.08677,2,4,gültig
202012,"07501029",Ringstraße,8138,"07",6.18781,2,4,,,,14.21725,2,3,35.90952,2,4,0.79848,2,4,,,,-1.04085,2,2,-2.21484,2,2,gültig
202012,"07501030",Machonstraße,8890,"07",6.14127,2,4,,,,14.45444,2,3,35.38851,2,4,0.58765,2,4,,,,-1.70019,2,2,-2.69439,2,2,gültig
202012,"07501031",Eisenacher Straße,9101,"07",4.88611,2,3,,,,11.31744,2,3,26.63317,2,3,0.80067,2,4,,,,-1.06516,2,2,-3.01507,2,2,gültig
202012,"07501032",Imbrosweg,5653,"07",5.39283,2,3,,,,12.87812,2,3,28.51064,2,3,0.86128,2,4,,,,-0.85153,2,3,0.77238,2,4,gültig
202012,"07501133",Fritz-Werner-Straße,8141,"07",6.58589,2,4,,,,12.52917,2,3,30.03229,2,4,1.45467,2,5,,,,-1.5366,2,2,-5.60785,1,1,gültig
202012,"07501134",Hundsteinweg,10584,"07",4.1564,2,3,,,,8.62623,2,2,23.65115,2,3,1.09418,2,5,,,,-1.12735,2,2,-2.67679,2,2,gültig
202012,"07501135",Birnhornweg,2233,"07",2.27774,2,2,,,,4.1648,2,1,10.48387,2,2,1.11916,2,5,,,,-0.07656,2,3,-1.82956,2,3,gültig
202012,"07601236",Marienfelder Allee Nordwest,10193,"07",8.62315,3,5,,,,19.73904,3,4,48.47188,3,5,2.7624,3,6,,,,-0.50804,2,3,3.87151,3,5,gültig
202012,"07601237",Kirchstraße,4740,"07",2.13425,2,2,,,,4.68354,2,1,10.69079,2,2,0.59051,2,4,,,,0.13325,2,4,1.73314,2,4,gültig
202012,"07601238",Marienfelde Nordost,2869,"07",5.35602,2,3,,,,12.4085,2,3,37.29604,2,4,1.45174,2,5,,,,-1.78234,2,2,-2.90247,2,2,gültig
202012,"07601339",Tirschenreuther Ring West,5749,"07",8.0481,3,5,,,,17.75961,2,4,41.01655,2,5,2.31639,3,6,,,,-0.67317,2,3,-1.56014,2,3,gültig
202012,"07601340",Tirschenreuther Ring Ost,6429,"07",6.72119,2,4,,,,17.80992,2,4,41.68443,3,5,1.7378,2,5,,,,-1.03066,2,2,-0.13572,2,3,gültig
202012,"07601341",Diedersdorfer Weg,2284,"07",4.35109,2,3,,,,9.67601,2,2,17.54967,2,2,0.58843,2,4,,,,0.61708,3,4,4.82882,3,6,gültig
202012,"07601442",Kettinger Straße,10498,"07",2.86487,2,2,,,,6.1345,2,2,15.0037,2,2,0.43009,2,4,,,,-0.84821,2,3,-2.08967,2,2,gültig
202012,"07601443",Töpchiner Weg,10895,"07",3.09593,2,2,,,,8.8022,2,2,20.83071,2,3,0.75807,2,4,,,,0.25769,2,4,2.61901,2,5,gültig
202012,"07601544",John-Locke-Straße,8485,"07",6.29969,2,4,,,,13.02298,2,3,27.88462,2,3,1.13782,2,5,,,,-1.24404,2,2,-4.0372,2,1,gültig
202012,"07601545",Nahariyastraße,8431,"07",9.37746,3,5,,,,24.7183,4,5,57.58645,4,5,1.38843,2,5,,,,-1.55993,2,2,-1.61087,2,3,gültig
202012,"07601546",Franziusweg,6978,"07",1.88073,1,1,,,,4.45686,2,1,8.33333,2,1,0.48055,2,4,,,,0.04781,2,4,0.12934,2,4,gültig
202012,"07601547",Horstwalder Straße,3859,"07",4.25725,2,3,,,,9.74346,2,2,27.77778,2,3,1.02859,2,5,,,,0.77496,3,4,4.40344,3,6,gültig
202012,"07601548",Wittelsbacherstraße,2964,"07",1.45278,1,1,,,,4.8583,2,1,15.21253,2,2,0.21165,2,4,,,,-0.68605,2,3,-3.82417,2,2,gültig
202012,"08100101",Hasenheide,4516,"08",9.15273,3,5,,,,19.22055,3,4,40.41746,2,5,2.01188,3,6,,,,-1.33979,2,2,0.63446,2,4,gültig
202012,"08100102",Schillerpromenade Nord,8218,"08",8.34602,3,5,,,,16.20832,2,4,37.86096,2,4,1.97556,2,5,,,,-1.72685,2,2,0.45638,2,4,gültig
202012,"08100103",Schillerpromenade Süd,7473,"08",8.54944,3,5,,,,17.12833,2,4,39.84199,2,4,1.97396,2,5,,,,-2.1453,2,1,-5.56096,1,1,gültig
202012,"08100104",Wartheplatz,6706,"08",11.07376,4,5,,,,21.24963,3,5,55.62061,4,5,3.22741,3,6,,,,-3.21414,1,1,-4.90571,1,1,gültig
202012,"08100105",Silbersteinstraße,5567,"08",11.73393,4,5,,,,24.44764,4,5,62.40695,4,5,2.80793,3,6,,,,-5.73916,1,1,-0.98371,2,3,gültig
202012,"08100206",Flughafenstraße,9668,"08",8.24876,3,5,,,,17.98717,2,4,43.15315,3,5,1.92475,2,5,,,,-1.87523,2,2,-3.69885,2,2,gültig
202012,"08100207",Rollberg,7451,"08",12.74717,4,5,,,,26.34546,4,5,52.69509,4,5,3.85064,3,6,,,,-4.97227,1,1,-4.549,2,1,gültig
202012,"08100208",Körnerpark,12288,"08",9.74744,4,5,,,,19.36849,3,4,49.78274,4,5,2.97655,3,6,,,,-2.47816,1,1,-1.16993,2,3,gültig
202012,"08100209",Glasower Straße,8524,"08",11.69938,4,5,,,,23.54528,4,5,55.92417,4,5,2.94539,3,6,,,,-3.83059,1,1,-3.88535,2,2,gültig
202012,"08100310",Maybachufer,7877,"08",5.81994,2,3,,,,13.40612,2,3,28.77907,2,3,1.44154,2,5,,,,-1.00875,2,2,-0.4324,2,3,gültig
202012,"08100311",Reuterplatz,7342,"08",5.50941,2,3,,,,12.19014,2,3,24.4143,2,3,1.43119,2,5,,,,-0.83996,2,3,-2.68629,2,2,gültig
202012,"08100312",Weichselplatz,11788,"08",7.29896,2,4,,,,15.71089,2,4,36.46643,2,4,1.97948,2,5,,,,-1.58351,2,2,-1.94902,2,3,gültig
202012,"08100313",Bouchéstraße,3868,"08",8.18018,3,5,,,,16.62358,2,4,39.24051,2,4,2.14538,3,6,,,,-2.91105,1,1,-8.61843,1,1,gültig
202012,"08100314",Donaustraße,8264,"08",8.90682,3,5,,,,19.97822,3,4,52.21675,4,5,2.67457,3,6,,,,-3.19831,1,1,-3.72475,2,2,gültig
202012,"08100415",Ganghoferstraße,6530,"08",7.51673,2,4,,,,16.23277,2,4,38.48837,2,4,2.10878,3,6,,,,-2.69948,1,1,-4.47081,2,1,gültig
202012,"08100416",Alt-Rixdorf,6562,"08",7.97872,3,4,,,,16.76318,2,4,36.3109,2,4,2.08515,3,6,,,,-2.20389,2,1,-1.60379,2,3,gültig
202012,"08100417",Braunschweiger Straße,9919,"08",10.16427,4,5,,,,20.03226,3,5,48.25175,3,5,2.82345,3,6,,,,-2.81392,1,1,-2.66534,2,2,gültig
202012,"08100418",Hertzbergplatz,9588,"08",7.69024,2,4,,,,15.61327,2,4,37.95234,2,4,1.82173,2,5,,,,-1.92329,2,2,-4.1663,2,1,gültig
202012,"08100419",Treptower Straße Nord,7100,"08",13.64166,4,5,,,,28.84507,4,5,68.32653,4,5,4.05369,3,6,,,,-2.93429,1,1,-1.18664,2,3,gültig
202012,"08100520",Weiße Siedlung,5767,"08",16.01161,4,5,,,,34.76678,4,5,67.52739,4,5,5.42337,3,6,,,,-4.04126,1,1,0.58273,2,4,gültig
202012,"08100521",Schulenburgpark,9620,"08",17.79488,4,5,,,,36.58004,4,5,74.67833,4,5,4.93028,3,6,,,,-4.48043,1,1,-1.63244,2,3,gültig
202012,"08200622",Jahnstraße,5608,"08",14.08943,4,5,,,,27.99572,4,5,60.89439,4,5,3.57407,3,6,,,,-3.19028,1,1,0.5376,2,4,gültig
202012,"08200623",Park am Buschkrug,6064,"08",7.33138,2,4,,,,17.18338,2,4,35.81758,2,4,2.18253,3,6,,,,-0.55367,2,3,2.32053,2,5,gültig
202012,"08200624",Tempelhofer Weg,8754,"08",9.62315,4,5,,,,19.88805,3,4,48.87543,3,5,2.52856,3,6,,,,-1.09374,2,2,0.03224,2,4,gültig
202012,"08200725",Mohriner Allee Nord,2455,"08",4.61538,2,3,,,,6.35438,2,2,14.42308,2,2,2.51142,3,6,,,,0.37006,2,4,-0.08309,2,3,gültig
202012,"08200726",Hufeisensiedlung,6271,"08",5.2881,2,3,,,,11.17844,2,3,23.58491,2,3,1.62863,2,5,,,,-0.49389,2,3,0.80713,2,4,gültig
202012,"08200727",Parchimer Allee Süd,7983,"08",6.20081,2,4,,,,11.96292,2,3,33.83028,2,4,1.24151,2,5,,,,-1.72889,2,2,-2.96879,2,2,gültig
202012,"08200728",Ortolanweg,1253,"08",6.17608,2,4,,,,16.83958,2,4,38.0597,2,4,0.95415,2,4,,,,0.60227,3,4,-7.97205,1,1,gültig
202012,"08200729",Britzer Garten,1865,"08",3.49127,2,2,,,,5.68365,2,2,8.9172,2,1,0.54514,2,4,,,,-1.03358,2,2,0.63905,2,4,gültig
202012,"08200730",Handwerker-Siedlung,3321,"08",6.99904,2,4,,,,9.33454,2,2,20.86957,2,3,3.51954,3,6,,,,-1.60249,2,2,0.10454,2,4,gültig
202012,"08200831",Buckow West,8320,"08",4.71426,2,3,,,,7.95673,2,2,20.95517,2,3,1.72127,2,5,,,,-0.15942,2,3,0.95517,2,4,gültig
202012,"08200832",Buckow Mitte,11578,"08",6.20155,2,4,,,,11.37502,2,3,32.80757,2,4,2.16368,3,6,,,,0.22044,2,4,3.4365,3,5,gültig
202012,"08200833",Buckow Ost,8698,"08",8.64379,3,5,,,,16.69349,2,4,44.19971,3,5,3.03007,3,6,,,,-2.60376,1,1,-3.53089,2,2,gültig
202012,"08300934",Gropiusstadt Nord-West,12534,"08",10.89015,4,5,,,,20.96697,3,5,51.10178,4,5,3.55562,3,6,,,,-3.19481,1,1,-4.96631,1,1,gültig
202012,"08300935",Gropiusstadt Süd-West,7303,"08",7.32121,2,4,,,,13.78885,2,3,40.8313,2,5,1.8094,2,5,,,,-2.27319,2,1,-5.1613,1,1,gültig
202012,"08301036",Gropiusstadt Mitte,7190,"08",9.80392,4,5,,,,19.70793,3,4,45.04587,3,5,2.72663,3,6,,,,-2.43326,1,1,-3.97722,2,2,gültig
202012,"08301037",Gropiusstadt Süd-Ost,10564,"08",11.22987,4,5,,,,21.49754,3,5,48.81434,3,5,3.809,3,6,,,,-0.00387,2,3,3.77518,3,5,gültig
202012,"08401138",Goldhähnchenweg,2834,"08",8.83905,3,5,,,,17.29005,2,4,48.82075,3,5,1.17261,2,5,,,,-0.2483,2,3,1.60471,2,4,gültig
202012,"08401139",Vogelviertel Süd,4103,"08",4.91935,2,3,,,,8.18913,2,2,23.45972,2,3,2.24849,3,6,,,,-0.90397,2,3,-2.60544,2,2,gültig
202012,"08401140",Vogelviertel Nord,2661,"08",4.84247,2,3,,,,9.35738,2,2,21.875,2,3,1.6261,2,5,,,,-0.72101,2,3,-1.92103,2,3,gültig
202012,"08401241",Blumenviertel,8264,"08",3.04459,2,2,,,,5.55421,2,2,15.9292,2,2,0.76561,2,4,,,,0.28658,2,4,1.84208,2,4,gültig
202012,"08401242",Zittauer Straße,6844,"08",2.4647,2,2,,,,4.98247,2,1,15.63555,2,2,0.56292,2,4,,,,0.4529,2,4,3.98849,3,5,gültig
202012,"08401243",Alt-Rudow,9997,"08",5.37545,2,3,,,,9.19276,2,2,26.20321,2,3,1.70618,2,5,,,,-1.4712,2,2,-3.27047,2,2,gültig
202012,"08401244",Waßmannsdorfer Chaussee,7118,"08",2.34058,2,2,,,,4.27086,2,1,11.1002,2,2,0.61106,2,4,,,,-0.32192,2,3,1.02517,2,4,gültig
202012,"08401245",Frauenviertel,3776,"08",3.25785,2,2,,,,9.13665,2,2,20.7483,2,3,1.03563,2,5,,,,0.1444,2,4,2.04911,2,5,gültig
202012,"08401246",Waltersdorfer Chaussee Ost,7951,"08",4.53895,2,3,,,,9.36989,2,2,25.61576,2,3,1.49029,2,5,,,,0.69398,3,4,3.90695,3,5,gültig
202012,"09100101",Alt-Treptow,13167,"09",4.74341,2,3,,,,9.50862,2,2,16.4551,2,2,0.37646,2,4,,,,-0.80238,2,3,-1.11039,2,3,gültig
202012,"09100202",Plänterwald West,4375,"09",3.02721,2,2,,,,5.85143,2,2,8.37989,2,1,0.84274,2,4,,,,0.06935,2,4,-0.82341,2,3,gültig
202012,"09100203",Plänterwald Ost,6924,"09",5.60326,2,3,,,,9.34431,2,2,30.62914,2,4,1.40503,2,5,,,,-0.94222,2,3,-1.0574,2,3,gültig
202012,"09100304",Baumschulenweg West,11722,"09",4.36822,2,3,,,,6.84184,2,2,17.31975,2,2,1.13534,2,5,,,,-0.87484,2,3,-3.36709,2,2,gültig
202012,"09100305",Baumschulenweg Ost,4074,"09",6.60155,2,4,,,,8.29651,2,2,16.25835,2,2,2.32073,3,6,,,,-1.14738,2,2,-0.59814,2,3,gültig
202012,"09100306",Späthsfelde,3098,"09",3.30285,2,2,,,,7.52098,2,2,22.48521,2,3,2.41835,3,6,,,,4.54931,3,6,15.2023,3,6,gültig
202012,"09100407",Johannisthal West,8480,"09",3.99508,2,2,,,,6.13208,2,2,17.98942,2,2,0.80271,2,4,,,,-0.78313,2,3,-2.70024,2,2,gültig
202012,"09100408",Johannisthal Ost,8105,"09",4.07909,2,3,,,,8.22949,2,2,19.09722,2,2,0.68681,2,4,,,,-1.03577,2,2,-1.18373,2,3,gültig
202012,"09100409",Landschaftspark Adlershof,3375,"09",1.46299,1,1,,,,4.56296,2,1,10.46278,2,2,-0.03594,1,3,,,,-0.10527,2,3,3.36105,3,5,gültig
202012,"09200510",Helmholtz-Kiez,7535,"09",8.03324,3,5,,,,16.31055,2,4,42.4186,3,5,1.20327,2,5,,,,-1.88356,2,2,-0.89937,2,3,gültig
202012,"09200511",Griechischer Park,12663,"09",6.4174,2,4,,,,14.12777,2,3,32.15548,2,4,1.34853,2,5,,,,-0.70976,2,3,0.55974,2,4,gültig
202012,"09200512",Wuhlheide,3440,"09",7.38592,2,4,,,,11.88953,2,3,30.68783,2,4,0.57358,2,4,,,,-2.78301,1,1,-1.9027,2,3,gültig
202012,"09200613",Bahnhof Schöneweide,9424,"09",5.32314,2,3,,,,11.41766,2,3,29.65723,2,3,0.54356,2,4,,,,-3.55447,1,1,-8.34734,1,1,gültig
202012,"09200614",Oberspree,3580,"09",4.4316,2,3,,,,7.73743,2,2,23.11321,2,3,0.59651,2,4,,,,-0.57035,2,3,0.64944,2,4,gültig
202012,"09200715",Wista,3059,"09",1.59731,1,1,,,,4.93625,2,1,14.89362,2,2,0.65179,2,4,,,,2.43896,3,6,8.15205,3,6,gültig
202012,"09200716",Dörpfeldstraße West,7669,"09",5.1233,2,3,,,,9.31021,2,2,23.90057,2,3,1.14795,2,5,,,,-0.85883,2,3,-0.67315,2,3,gültig
202012,"09200717",Dörpfeldstraße Ost,9482,"09",5.21524,2,3,,,,8.87998,2,2,23.82909,2,3,1.47268,2,5,,,,-0.7412,2,3,0.70571,2,4,gültig
202012,"09200818",Spindlersfeld,3061,"09",4.75504,2,3,,,,8.29794,2,2,15.49296,2,2,1.3899,2,5,,,,-0.55552,2,3,-1.33168,2,3,gültig
202012,"09200819",Köllnische Vorstadt,8292,"09",6.71046,2,4,,,,15.6657,2,4,37.42775,2,4,1.1507,2,5,,,,-2.12106,2,1,-4.43616,2,1,gültig
202012,"09300920",Dorf Altglienicke,11751,"09",2.19321,2,2,,,,5.12297,2,2,13.03689,2,2,0.6785,2,4,,,,1.23638,3,5,4.247,3,6,gültig
202012,"09300921",Preußen Siedlung,2697,"09",1.78472,1,1,,,,2.52132,1,1,4.70914,1,1,-0.05754,1,3,,,,-0.5399,2,3,-2.53724,2,2,gültig
202012,"09300922",Kosmos Viertel,5660,"09",10.2537,4,5,,,,22.40283,4,5,54.30328,4,5,3.09045,3,6,,,,-0.26266,2,3,4.35687,3,6,gültig
202012,"09300923",Kölner Viertel,8169,"09",5.35422,2,3,,,,13.31864,2,3,29.75671,2,3,1.45293,2,5,,,,0.96404,3,4,4.05339,3,6,gültig
202012,"09301024",Falkenberg,2417,"09",1.20805,1,1,,,,2.60654,1,1,3.40314,1,1,0.42008,2,4,,,,-0.2506,2,3,-0.20797,2,3,gültig
202012,"09301025",Alt-Bohnsdorf,10760,"09",3.1071,2,2,,,,5.00929,2,2,12.49133,2,2,0.69525,2,4,,,,-0.89582,2,3,-2.26391,2,2,gültig
202012,"09301126",Grünau,7217,"09",2.68545,2,2,,,,4.10143,2,1,9.46502,2,1,0.70501,2,4,,,,-0.86029,2,3,-1.3142,2,3,gültig
202012,"09301227",Karolinenhof,1871,"09",1.52964,1,1,,,,1.54997,1,1,1.98413,1,1,1.249,2,5,,,,0.24064,2,4,0.25253,2,4,gültig
202012,"09301228",Schmöckwitz/Rauchfangswerder,2571,"09",1.8046,1,1,,,,2.99494,1,1,7.52089,1,1,1.00361,2,5,,,,-0.76913,2,3,-2.78552,2,2,gültig
202012,"09401329",Kietzer Feld/Nachtheide,10138,"09",3.16206,2,2,,,,4.45847,2,1,9.66135,2,1,0.97768,2,4,,,,-0.74459,2,3,-0.89831,2,3,gültig
202012,"09401330",Wendenschloß,1911,"09",0.88496,1,1,,,,1.93616,1,1,3.14685,1,1,0.34781,2,4,,,,0.1448,2,4,0.23776,2,4,gültig
202012,"09401431",Allende I,5445,"09",3.31201,2,2,,,,5.78512,2,2,17.77379,2,2,0.76545,2,4,,,,-0.96222,2,3,-1.72428,2,3,gültig
202012,"09401432",Siedlung Kämmereiheide,1569,"09",2.95359,2,2,,,,7.1383,2,2,16.91729,2,2,0.41036,2,4,,,,0.91237,3,4,0.84586,2,4,gültig
202012,"09401433",Allende II,4368,"09",5.28286,2,3,,,,8.97436,2,2,26.99115,2,3,0.59357,2,4,,,,-1.41441,2,2,-2.70234,2,2,gültig
202012,"09401534",Altstadt Köpenick,7337,"09",6.14275,2,4,,,,14.22925,2,3,29.67742,2,3,0.39725,2,4,,,,-2.27054,2,1,-3.84531,2,2,gültig
202012,"09401635",Müggelheim,6867,"09",1.48906,1,1,,,,2.06786,1,1,3.83352,1,1,0.67092,2,4,,,,-0.0935,2,3,-1.06493,2,3,gültig
202012,"09501736",Hirschgarten,4575,"09",5.06375,2,3,,,,6.31694,2,2,10.36269,2,2,-0.29339,1,3,,,,-0.92912,2,3,-3.79502,2,2,gültig
202012,"09501737",Alt-Friedrichshagen,14434,"09",2.28068,2,2,,,,3.67189,1,1,6.83102,1,1,0.62429,2,4,,,,-0.28365,2,3,-0.93393,2,3,gültig
202012,"09501838",Rahnsdorf,9856,"09",2.21396,2,2,,,,3.58157,1,1,7.96394,2,1,0.72168,2,4,,,,0.47932,2,4,2.29465,2,5,gültig
202012,"09501939",Bahnhofstraße,6377,"09",3.76884,2,2,,,,6.17845,2,2,11.58605,2,2,0.99377,2,4,,,,-0.93024,2,3,0.04306,2,4,gültig
202012,"09501940",Güterbahnhof Köpenick,2678,"09",5.32139,2,3,,,,7.99104,2,2,20.1087,2,3,0.99421,2,4,,,,-0.69798,2,3,1.57929,2,4,gültig
202012,"09501941",Friedrichshagener Straße,2678,"09",2.57669,2,2,,,,3.92084,2,1,8.55019,2,1,0.86458,2,4,,,,0.17609,2,4,1.65364,2,4,gültig
202012,"09502042",Mittelheide,4106,"09",2.77344,2,2,,,,3.53142,1,1,6.00375,1,1,0.45622,2,4,,,,-1.70549,2,2,-3.05213,2,2,gültig
202012,"09502043",Dammheide,9188,"09",2.86242,2,2,,,,3.87462,2,1,9.0625,2,1,0.49822,2,4,,,,-0.77105,2,3,-1.58772,2,3,gültig
202012,"10100101",Marzahn West,5709,"10",6.20429,2,4,,,,20.40638,3,5,38.77756,2,4,0.21407,2,4,,,,-2.49,1,1,-6.05003,1,1,gültig
202012,"10100102",Rosenbecker Straße,3317,"10",7.75296,2,4,,,,21.1637,3,5,49.45652,3,5,-0.02482,1,3,,,,-3.04842,1,1,-1.33434,2,3,gültig
202012,"10100103",Wittenberger Straße,7685,"10",6.31558,2,4,,,,18.07417,3,4,36.85897,2,4,0.83504,2,4,,,,-1.07959,2,2,-2.24994,2,2,gültig
202012,"10100104",Golliner Straße,7611,"10",6.36023,2,4,,,,19.69518,3,4,39.47001,2,4,1.02935,2,5,,,,-4.2902,1,1,-6.66847,1,1,gültig
202012,"10100205",Gewerbegebiet Bitterfelder Straße,1262,"10",-9999,-9999,-9999,-9999,-9999,-9999,-9999,-9999,-9999,-9999,-9999,-9999,-9999,-9999,-9999,-9999,-9999,-9999,-9999,-9999,-9999,-9999,-9999,-9999,ungültig (Ausreißer)
202012,"10100206",Wuhletalstraße,10586,"10",6.50468,2,4,,,,17.62705,2,4,39.9546,2,4,1.0713,2,5,,,,-2.4995,1,1,-2.98785,2,2,gültig
202012,"10100207",Ahrensfelder Berge,8198,"10",6.53757,2,4,,,,16.18687,2,4,39.47368,2,4,1.1754,2,5,,,,-3.03731,1,1,-3.99766,2,2,gültig
202012,"10100208",Bürgerpark,9163,"10",6.67983,2,4,,,,15.37706,2,4,45.50669,3,5,1.58624,2,5,,,,-1.91074,2,2,-1.36831,2,3,gültig
202012,"10100209",Lea-Grundig-Straße,8153,"10",4.48475,2,3,,,,13.41837,2,3,30.48298,2,4,0.33163,2,4,,,,-1.49279,2,2,-4.27791,2,1,gültig
202012,"10100210",Marzahner Promenade,10782,"10",5.98398,2,3,,,,13.99555,2,3,32.78036,2,4,1.13438,2,5,,,,-1.62916,2,2,-4.42281,2,1,gültig
202012,"10100311",Marzahner Chaussee,2228,"10",5.95483,2,3,,,,7.45063,2,2,9.24092,2,1,1.85086,2,5,,,,0.91199,3,4,0.08599,2,4,gültig
202012,"10100312",Springpfuhl,14860,"10",4.68786,2,3,,,,11.02961,2,3,25.01348,2,3,0.48296,2,4,,,,-1.49905,2,2,-6.39446,1,1,gültig
202012,"10100313",Alt-Marzahn,4793,"10",3.85518,2,2,,,,8.88796,2,2,21.73145,2,3,0.50668,2,4,,,,-0.85682,2,3,-4.62838,2,1,gültig
202012,"10100314",Auersbergstraße,6309,"10",5.02907,2,3,,,,9.33587,2,2,24.20307,2,3,1.41092,2,5,,,,-1.82019,2,2,-2.95311,2,2,gültig
202012,"10100315",Bärenstein,7171,"10",5.21617,2,3,,,,12.38321,2,3,31.80934,2,4,0.6353,2,4,,,,-1.54084,2,2,-0.26613,2,3,gültig
202012,"10100316",Landsberger Tor,3681,"10",1.95896,1,1,,,,7.5523,2,2,14.21233,2,2,-0.02213,1,3,,,,0.27219,2,4,-2.15458,2,2,gültig
202012,"10200417",Zossener Straße,7171,"10",8.72497,3,5,,,,23.65082,4,5,43.45127,3,5,1.00122,2,5,,,,-4.95196,1,1,-5.64078,1,1,gültig
202012,"10200418",Kyritzer Straße,5445,"10",4.61216,2,3,,,,13.37006,2,3,30.80808,2,4,-0.02962,1,3,,,,-2.23944,2,1,-3.98961,2,2,gültig
202012,"10200419",Havelländer Ring,3564,"10",5.93449,2,3,,,,16.24579,2,4,34.07155,2,4,-0.54544,1,3,,,,-7.58655,1,1,-14.90456,1,1,gültig
202012,"10200420",Gut Hellersdorf,7159,"10",8.06221,3,5,,,,21.21805,3,5,48.57143,3,5,2.60766,3,6,,,,0.27836,2,4,2.77242,3,5,gültig
202012,"10200421",Helle Mitte,1716,"10",3.79225,2,2,,,,15.26807,2,4,28.98551,2,3,-0.50068,1,3,,,,-4.06367,1,1,-11.39911,1,1,gültig
202012,"10200422",Hellersdorfer Promenade,6503,"10",10.89815,4,5,,,,27.44887,4,5,53.66044,4,5,3.4229,3,6,,,,-1.55044,2,2,-4.65799,2,1,gültig
202012,"10200423",Böhlener Straße,5929,"10",7.66415,2,4,,,,21.20088,3,5,42.70367,3,5,1.67627,2,5,,,,-3.36518,1,1,-5.57219,1,1,gültig
202012,"10200524",Adele-Sandrock-Straße,9975,"10",3.78657,2,2,,,,11.6391,2,3,31.89003,2,4,0.79803,2,4,,,,0.98025,3,4,6.05084,3,6,gültig
202012,"10200525",Schleipfuhl,5317,"10",7.94292,3,4,,,,21.0457,3,5,43.37349,3,5,1.72448,2,5,,,,1.15485,3,5,2.4774,2,5,gültig
202012,"10200526",Boulevard Kastanienallee,6111,"10",7.82567,2,4,,,,24.59499,4,5,46.76259,3,5,1.18924,2,5,,,,-1.71132,2,2,-1.90743,2,3,gültig
202012,"10200627",Am Kienberg,3465,"10",4.65303,2,3,,,,12.23665,2,3,29.23077,2,3,0.53303,2,4,,,,-2.19756,2,1,-9.04674,1,1,gültig
202012,"10200628",Neue Grottkauer Straße,6342,"10",7.59693,2,4,,,,21.90161,4,5,43.44828,3,5,0.75282,2,4,,,,-2.93644,1,1,-4.02254,2,1,gültig
202012,"10200629",Teterower Ring,8919,"10",4.41878,2,3,,,,9.24992,2,2,24.68124,2,3,1.35831,2,5,,,,-0.91918,2,3,-1.34747,2,3,gültig
202012,"10200630",Cecilienplatz,6487,"10",3.99709,2,2,,,,10.4825,2,3,25.82278,2,3,0.39434,2,4,,,,-0.28815,2,3,0.65895,2,4,gültig
202012,"10300731",Oberfeldstraße,7805,"10",0.44571,1,1,,,,1.25561,1,1,2.11706,1,1,-0.07129,1,3,,,,0.04865,2,4,-0.03484,2,3,gültig
202012,"10300732",Buckower Ring,6952,"10",5.72697,2,3,,,,11.19102,2,3,21.10286,2,3,1.88993,2,5,,,,-0.20179,2,3,2.55023,2,5,gültig
202012,"10300733",Alt-Biesdorf,3938,"10",1.222,1,1,,,,3.40274,1,1,6.66667,1,1,-0.31431,1,3,,,,-1.20121,2,2,-4.46506,2,1,gültig
202012,"10300734",Biesdorf Süd,10260,"10",0.58249,1,1,,,,1.61793,1,1,2.71164,1,1,0.11871,1,4,,,,0.51858,2,4,0.72342,2,4,gültig
202012,"10400835",Kaulsdorf Nord,7807,"10",1.43982,1,1,,,,3.91956,2,1,9.05696,2,1,-0.18635,1,3,,,,-0.44776,2,3,-1.42296,2,3,gültig
202012,"10400836",Alt-Kaulsdorf,3868,"10",2.28457,2,2,,,,3.90383,2,1,5.78035,1,1,0.45791,2,4,,,,-0.94311,2,3,-1.13665,2,3,gültig
202012,"10400837",Kaulsdorf Süd,7733,"10",0.70686,1,1,,,,1.50006,1,1,2.71028,1,1,0.31357,2,4,,,,-0.04323,2,3,0.5198,2,4,gültig
202012,"10400938",Mahlsdorf Nord,9921,"10",0.63734,1,1,,,,1.75386,1,1,1.7894,1,1,-0.0775,1,3,,,,0.07587,2,4,0.15735,2,4,gültig
202012,"10400939",Alt-Mahlsdorf,4457,"10",1.2337,1,1,,,,3.00651,1,1,4.82866,1,1,-0.00699,1,3,,,,1.04068,3,5,1.09034,2,4,gültig
202012,"10400940",Elsensee,5801,"10",0.5481,1,1,,,,1.77556,1,1,4.74255,1,1,-0.01718,1,3,,,,0.23256,2,4,1.1813,2,4,gültig
202012,"10400941",Pilgramer Straße,9578,"10",0.62893,1,1,,,,1.7227,1,1,2.88529,1,1,0.02877,1,4,,,,0.15904,2,4,0.90145,2,4,gültig
202012,"11100101",Dörfer Malchow-Wartenberg,3302,"11",0.69204,1,1,,,,2.66505,1,1,3.64078,1,1,-0.39397,1,3,,,,-0.63538,2,3,-1.2492,2,3,gültig
202012,"11100102",Dorf Falkenberg,2189,"11",3.76623,2,2,,,,14.07035,2,3,30.86957,2,4,2.09517,3,6,,,,8.68424,3,6,18.41977,3,6,gültig
202012,"11100203",Falkenberg Ost,8986,"11",8.68637,3,5,,,,20.78789,3,5,44.62617,3,5,1.57829,2,5,,,,-2.82322,1,1,-3.93652,2,2,gültig
202012,"11100204",Falkenberg West,7052,"11",6.43759,2,4,,,,16.08054,2,4,35.73201,2,4,0.94076,2,4,,,,-2.4308,1,1,-5.08626,1,1,gültig
202012,"11100205",Wartenberg Süd,6095,"11",6.67656,2,4,,,,16.83347,2,4,43.81663,3,5,1.23754,2,5,,,,-0.78746,2,3,1.82529,2,4,gültig
202012,"11100206",Wartenberg Nord,7609,"11",8.29521,3,5,,,,18.78039,3,4,44.54806,3,5,2.68013,3,6,,,,0.02452,2,4,3.89385,3,5,gültig
202012,"11100307",Zingster Straße Ost,11690,"11",7.53689,2,4,,,,15.8426,2,4,40.39106,2,5,1.60875,2,5,,,,-3.01749,1,1,-3.9265,2,2,gültig
202012,"11100308",Zingster Straße West,9583,"11",8.98194,3,5,,,,20.07722,3,5,47.87571,3,5,1.67151,2,5,,,,-2.39319,2,1,-3.99229,2,2,gültig
202012,"11100309",Mühlengrund,5825,"11",5.02013,2,3,,,,10.76395,2,3,25.82873,2,3,0.80183,2,4,,,,-0.13282,2,3,1.49362,2,4,gültig
202012,"11200410",Malchower Weg,9998,"11",6.19055,2,4,,,,12.81256,2,3,31.46667,2,4,1.82138,2,5,,,,-0.68496,2,3,-1.60934,2,3,gültig
202012,"11200411",Hauptstraße,6856,"11",6.0806,2,4,,,,11.8874,2,3,27.8297,2,3,1.66508,2,5,,,,-0.98795,2,3,-0.63512,2,3,gültig
202012,"11200512",Orankesee,3898,"11",2.00873,1,2,,,,5.92612,2,2,13.76022,2,2,0.98789,2,4,,,,2.36911,3,6,7.00863,3,6,gültig
202012,"11200513",Große-Leege-Straße,9897,"11",5.33352,2,3,,,,12.19561,2,3,31.74603,2,4,0.58072,2,4,,,,-1.35861,2,2,-2.9578,2,2,gültig
202012,"11200514",Landsberger Allee,15296,"11",6.62555,2,4,,,,13.32374,2,3,34.40387,2,4,2.03048,3,6,,,,-0.17116,2,3,0.70406,2,4,gültig
202012,"11200515",Weiße Taube,4125,"11",1.02828,1,1,,,,2.59394,1,1,5.16667,1,1,0.03854,1,4,,,,-0.03438,2,3,-0.72652,2,3,gültig
202012,"11300616",Hohenschönhausener Straße,6058,"11",7.47792,2,4,,,,16.06141,2,4,48.93899,3,5,0.92316,2,4,,,,-1.292,2,2,-2.09194,2,2,gültig
202012,"11300617",Fennpfuhlpark,4292,"11",6.56814,2,4,,,,10.9972,2,3,33.84615,2,4,1.31578,2,5,,,,-1.06857,2,2,-6.92124,1,1,gültig
202012,"11300618",Storkower Bogen,3713,"11",4.02253,2,3,,,,8.7261,2,2,26.45631,2,3,1.01684,2,5,,,,-0.72314,2,3,-0.01428,2,3,gültig
202012,"11300619",Rudolf-Seiffert-Park,8422,"11",4.29608,2,3,,,,8.06222,2,2,22.83465,2,3,0.93822,2,4,,,,-1.86399,2,2,-4.45793,2,1,gültig
202012,"11300620",Fennpfuhl Ost,11266,"11",6.41367,2,4,,,,12.15161,2,3,30.34663,2,4,0.96682,2,4,,,,-2.19637,2,1,-4.86657,1,1,gültig
202012,"11300721",Herzbergstraße,5263,"11",3.54762,2,2,,,,9.34828,2,2,24.05567,2,3,1.01346,2,5,,,,0.1467,2,4,-5.04589,1,1,gültig
202012,"11300722",Rathaus Lichtenberg,9901,"11",3.52638,2,2,,,,7.59519,2,2,14.21131,2,2,0.61362,2,4,,,,-1.25409,2,2,-3.52391,2,2,gültig
202012,"11300723",Bornitzstraße,2413,"11",5.13595,2,3,,,,7.37671,2,2,12.64045,2,2,-0.09132,1,3,,,,-8.05429,1,1,-14.58375,1,1,gültig
202012,"11300724",Roedeliusplatz,3989,"11",5.11889,2,3,,,,10.3284,2,3,26.24113,2,3,0.62109,2,4,,,,-1.92675,2,2,-2.39422,2,2,gültig
202012,"11300725",Nibelungenviertel,9837,"11",4.06425,2,3,,,,9.28128,2,2,18.39001,2,2,0.2211,2,4,,,,0.20582,2,4,1.00239,2,4,gültig
202012,"11300826",Frankfurter Allee Süd,9956,"11",5.3996,2,3,,,,12.26396,2,3,33.35938,2,4,1.20095,2,5,,,,-1.75825,2,2,-3.93966,2,2,gültig
202012,"11400927",Victoriastadt,4218,"11",3.20168,2,2,,,,6.30631,2,2,10.18767,2,2,0.39625,2,4,,,,-1.02639,2,2,-0.4318,2,3,gültig
202012,"11400928",Nöldnerplatz,2359,"11",3.16027,2,2,,,,6.44341,2,2,12.63736,2,2,1.53535,2,5,,,,-1.53051,2,2,1.92307,2,4,gültig
202012,"11400929",Weitlingkiez,16111,"11",5.09544,2,3,,,,10.08628,2,3,21.90476,2,3,0.5241,2,4,,,,-1.32428,2,2,-1.13754,2,3,gültig
202012,"11400930",Zachertstraße,4615,"11",2.7512,2,2,,,,5.04875,2,2,7.32265,1,1,0.52048,2,4,,,,-0.83494,2,3,-4.50254,2,1,gültig
202012,"11400931",Massower Straße,6764,"11",6.28042,2,4,,,,11.91603,2,3,30.13699,2,4,0.38588,2,4,,,,-2.76835,1,1,-4.43928,2,1,gültig
202012,"11401032",Rosenfelder Ring,5824,"11",7.30055,2,4,,,,12.46566,2,3,41.06195,2,5,1.25054,2,5,,,,-1.93419,2,2,-6.09252,1,1,gültig
202012,"11401033",Gensinger Straße,6756,"11",6.14256,2,4,,,,13.78034,2,3,30.39301,2,4,0.53961,2,4,,,,-1.31231,2,2,-4.11534,2,1,gültig
202012,"11401034",Tierpark,3195,"11",6.59774,2,4,,,,13.14554,2,3,39.8533,2,4,1.88027,2,5,,,,-2.70489,1,1,3.06318,3,5,gültig
202012,"11401135",Dolgenseestraße,10139,"11",7.04593,2,4,,,,13.51218,2,3,40.36496,2,5,1.74915,2,5,,,,0.76934,3,4,3.42637,3,5,gültig
202012,"11401136",Volkradstraße,8155,"11",4.18228,2,3,,,,7.05089,2,2,22.93729,2,3,0.69918,2,4,,,,-0.47653,2,3,-1.79195,2,3,gültig
202012,"11401137",Erieseering,8708,"11",6.47182,2,4,,,,14.01011,2,3,38.08725,2,4,1.17793,2,5,,,,-0.89907,2,3,-2.52925,2,2,gültig
202012,"11501238",Rummelsburg,4244,"11",3.078,2,2,,,,6.55042,2,2,10.10638,2,2,0.41227,2,4,,,,-1.75129,2,2,-1.58331,2,3,gültig
202012,"11501339",Karlshorst West,10346,"11",1.94083,1,1,,,,4.70713,2,1,8.99594,2,1,0.16918,1,4,,,,-0.83202,2,3,-1.74187,2,3,gültig
202012,"11501340",Karlshorst Nord,10640,"11",2.16145,2,2,,,,3.39286,1,1,4.62593,1,1,0.2629,2,4,,,,-0.43067,2,3,-0.7385,2,3,gültig
202012,"11501341",Karlshorst Süd,7252,"11",1.80236,1,1,,,,2.33039,1,1,2.58328,1,1,0.77166,2,4,,,,0.07904,2,4,-0.09997,2,3,gültig
202012,"12100101",Letteplatz,10985,"12",8.08615,3,5,,,,20.18207,3,5,46.50888,3,5,1.74794,2,5,,,,-2.1967,2,1,-3.21656,2,2,gültig
202012,"12100102",Hausotterplatz,9986,"12",8.21011,3,5,,,,20.79912,3,5,49.53887,4,5,2.11342,3,6,,,,-1.40734,2,2,1.0319,2,4,gültig
202012,"12100103",Breitkopfbecken,7702,"12",7.42847,2,4,,,,18.54064,3,4,44.19643,3,5,0.89506,2,4,,,,-2.18461,2,1,-3.99506,2,2,gültig
202012,"12100204",Schäfersee,8869,"12",7.01188,2,4,,,,17.61191,2,4,46.14719,3,5,0.72192,2,4,,,,-1.66355,2,2,-4.39926,2,1,gültig
202012,"12100205",Teichstraße,14057,"12",6.95109,2,4,,,,16.66074,2,4,39.70276,2,4,1.196,2,5,,,,-2.44298,1,1,-5.87101,1,1,gültig
202012,"12100206",Humboldtstraße,4661,"12",5.3646,2,3,,,,11.24222,2,3,28.02198,2,3,1.34254,2,5,,,,-1.31983,2,2,-2.62318,2,2,gültig
202012,"12200307",Reinickes Hof,2753,"12",8.17708,3,5,,,,15.21976,2,4,37.35294,2,4,2.06538,3,6,,,,-3.16393,1,1,-8.45712,1,1,gültig
202012,"12200308",Meller Bogen,5667,"12",6.7359,2,4,,,,13.3051,2,3,37.32719,2,4,1.87795,2,5,,,,-2.07952,2,1,-0.47043,2,3,gültig
202012,"12200309",Scharnweberstraße,10629,"12",9.313,3,5,,,,21.49779,3,5,53.96008,4,5,1.32608,2,5,,,,-3.27784,1,1,-4.20518,2,1,gültig
202012,"12200310",Klixstraße,8270,"12",10.22198,4,5,,,,26.52963,4,5,59.7493,4,5,1.83217,2,5,,,,-2.34926,2,1,1.44998,2,4,gültig
202012,"12200411",Schumacher-Quartier,393,"12",6.73401,2,4,,,,15.01272,2,4,37.03704,2,4,-0.2158,1,3,,,,0.52804,3,4,-5.18518,1,1,gültig
202012,"12200412",Waldidyll/Flughafensee,6355,"12",2.58277,2,2,,,,7.17545,2,2,17.89601,2,2,-0.09645,1,3,,,,-0.15482,2,3,-1.50111,2,3,gültig
202012,"12200413",Tegel Süd,8091,"12",8.08061,3,5,,,,19.57731,3,4,42.69265,3,5,1.37958,2,5,,,,-0.86434,2,3,1.07774,2,4,gültig
202012,"12200414",TXL,1428,"12",3.61842,2,2,,,,9.73389,2,2,30.63584,2,4,0.38889,2,4,,,,1.22781,3,5,2.82519,3,5,gültig
202012,"12200515",Alt-Tegel,10959,"12",3.21597,2,2,,,,6.84369,2,2,18.36735,2,2,0.60009,2,4,,,,-0.58001,2,3,-0.99373,2,3,gültig
202012,"12400616",Konradshöhe/Tegelort,6011,"12",1.2787,1,1,,,,2.42888,1,1,5.55556,1,1,0.2686,2,4,,,,0.17199,2,4,0.84968,2,4,gültig
202012,"12400617",Alt-Heiligensee,6871,"12",1.14439,1,1,,,,2.25586,1,1,2.05628,1,1,0.45441,2,4,,,,-1.03154,2,2,-1.9602,2,3,gültig
202012,"12400618",Heiligensee Nord,3764,"12",1.0994,1,1,,,,3.42721,1,1,6.09137,1,1,-0.12068,1,3,,,,-0.09333,2,3,-1.32346,2,3,gültig
202012,"12400619",Heiligensee,7730,"12",1.24945,1,1,,,,3.36352,1,1,6.58436,1,1,0.362,2,4,,,,0.57539,3,4,0.9201,2,4,gültig
202012,"12400720",Frohnau West,8662,"12",0.97893,1,1,,,,2.28585,1,1,3.73134,1,1,-0.04875,1,3,,,,0.32821,2,4,0.14202,2,4,gültig
202012,"12400721",Frohnau Ost,8027,"12",1.11573,1,1,,,,2.84041,1,1,4.74174,1,1,-0.09797,1,3,,,,0.31971,2,4,-0.45307,2,3,gültig
202012,"12400722",Hermsdorf West,8608,"12",1.64835,1,1,,,,2.7881,1,1,4.14866,1,1,0.36708,2,4,,,,-0.12813,2,3,0.47412,2,4,gültig
202012,"12400723",Hermsdorf Ost/Waldsee,8118,"12",1.35905,1,1,,,,3.00567,1,1,6.44567,1,1,0.33709,2,4,,,,-0.32932,2,3,-0.98346,2,3,gültig
202012,"12500824",Ziekowstraße/Freie Scholle,9665,"12",3.3557,2,2,,,,6.62183,2,2,13.20197,2,2,0.76391,2,4,,,,-0.97727,2,3,-2.16688,2,2,gültig
202012,"12500825",Borsigwalde,6750,"12",5.01513,2,3,,,,10.05926,2,3,24.2228,2,3,0.81765,2,4,,,,-1.43294,2,2,-6.58729,1,1,gültig
202012,"12500926",Wittenau Mitte,5065,"12",6.3992,2,4,,,,10.36525,2,3,28.28508,2,3,1.20352,2,5,,,,-1.718,2,2,-5.91303,1,1,gültig
202012,"12500927",Wittenau Nord,6434,"12",3.10058,2,2,,,,7.05626,2,2,20.68528,2,3,1.00908,2,5,,,,-0.3125,2,3,0.55195,2,4,gültig
202012,"12500928",Waidmannslust,5166,"12",2.90086,2,2,,,,5.09098,2,2,12.25352,2,2,0.66351,2,4,,,,0.13594,2,4,3.2333,3,5,gültig
202012,"12500929",Lübars,5160,"12",1.54143,1,1,,,,2.48062,1,1,4.25532,1,1,0.08527,1,4,,,,-0.27734,2,3,0.16813,2,4,gültig
202012,"12500930",Wittenau Süd,9936,"12",4.90287,2,3,,,,10.96014,2,3,30.37866,2,4,0.6834,2,4,,,,-2.0443,2,1,-0.91335,2,3,gültig
202012,"12601031",Lübarser Straße,3310,"12",4.05544,2,3,,,,7.79456,2,2,21.49837,2,3,0.22459,2,4,,,,-0.41149,2,3,-0.57521,2,3,gültig
202012,"12601032",Rollbergesiedlung,5922,"12",10.6202,4,5,,,,32.53968,4,5,65.22076,4,5,1.62241,2,5,,,,-2.36978,2,1,-0.99239,2,3,gültig
202012,"12601133",Treuenbrietzener Straße,11610,"12",10.84252,4,5,,,,28.29457,4,5,54.34873,4,5,2.83575,3,6,,,,-4.17485,1,1,-5.44593,1,1,gültig
202012,"12601134",Märkisches Zentrum,14722,"12",9.34148,3,5,,,,23.14224,4,5,51.52757,4,5,1.91236,2,5,,,,-3.22177,1,1,-5.82263,1,1,gültig
202012,"12601235",Dannenwalder Weg,10656,"12",9.55309,4,5,,,,27.41179,4,5,52.52393,4,5,1.76839,2,5,,,,-2.17966,2,1,-3.94666,2,2,gültig
202012,"12601236",Schorfheidestraße,3131,"12",2.69841,2,2,,,,7.09039,2,2,19.43005,2,2,0.51999,2,4,,,,-2.22975,2,1,-6.2244,1,1,gültig
