PLR_ID,PLR_NAME,electricity_mwh_2022,electricity_mwh_2021,electricity_mwh_2020,district_heating_mwh_2022,district_heating_mwh_2021,district_heating_mwh_2020,gas_mwh_2022,gas_mwh_2021,gas_mwh_2020
01100101,Stülerstraße,28062.831,25324.645,27031.742,47523.801,51727.97,45712.122,165.235,169.608,184.124
01100102,Großer Tiergarten,90600.67,83197.539,87521.181,136019.818,143989.539,121624.071,266.09,1668.815,1698.5169999999998
01100103,Lützowstraße,23410.741,22884.915,23435.485,29846.244,33420.418,28116.12,22650.193,25143.112999999998,21310.274
01100104,Körnerstraße,29443.289000000004,27290.775,27335.933,15878.454,16391.735,13366.927,16936.874,20560.798,19195.664
01100205,Wilhelmstraße,75180.474,67578.132,75715.64199999999,75519.883,80323.656,66730.236,2271.953,2706.0229999999997,3005.112
01100206,Unter den Linden,129349.752,120605.613,126365.549,124060.07400000001,137330.529,124505.457,7790.772,21443.462,20198.778000000002
01100207,Leipziger Straße,65572.532,56735.467,60896.002,82094.544,96269.718,87681.075,498.342,880.493,766.965
01100308,Charitéviertel,85582.511,85363.027,84199.654,118023.846,134435.39,118224.667,88227.849,104023.92,101548.23599999999
01100309,Oranienburger Straße,61233.37,55756.525,58608.418000000005,49647.617,53573.16,48235.767,89161.108,101508.069,92320.174
01100310,Alexanderplatzviertel,100397.779,95290.04,106319.134,76664.663,85776.785,72289.206,126760.69900000001,135436.471,106766.515
01100311,Karl-Marx-Allee,34548.789,32647.222999999998,34948.04,38175.512,39365.24,35135.070999999996,3722.538,7171.448,7183.564
01100312,Heine-Viertel West,25471.498,24570.651,25382.446,52805.351,60392.354999999996,53792.672,4903.901,5855.198,5404.689
01100313,Heine-Viertel Ost,31916.358,28152.275999999998,26449.411,48261.549,54521.824,49093.539,12065.997,13321.243,11500.498
01100414,Nordbahnhof,12496.466,11300.409,11767.867999999999,24895.641,26458.523,15470.919999999998,11577.21,13498.243999999999,12555.239
01100415,Invalidenstraße,29311.092,29402.328,30921.654000000002,8238.219000000001,10819.921,6782.037,90271.783,105380.975,95831.254
01100416,Arkonaplatz,20841.124,20891.685999999998,21131.057,0.0,0.0,0.0,83394.16500000001,93450.906,82975.538
01200517,Huttenkiez,112601.441,76562.023,82837.14,41092.643,47819.036,28802.241,20996.341,26622.407,22685.201
01200518,Beusselkiez,15916.687,16873.597,16359.215,20409.65,22795.656,19650.442,13213.694,15573.805999999999,13709.738
01200519,Emdener Straße,14937.615,14682.978,15014.75,15088.656,16625.39,14727.037,25490.095,29263.883,25860.138
01200520,Bremer Straße,16322.154,16584.816,16943.586,25761.119,28711.0,26107.073,18684.078,22248.982,19252.016
01200521,Zwinglistraße,9099.481,9037.258999999998,9365.582,11844.882000000001,13094.214,10731.172999999999,13786.309,14907.681,13857.025
01200522,Elberfelder Straße,18016.196,18436.438000000002,18458.535,8251.351999999999,9197.31,7803.5019999999995,42149.705,51129.244,44546.751000000004
01200623,Stephankiez,18409.894,18155.036,18832.022,35400.93,37814.941,34825.101,33272.732,37746.274,33133.564
01200624,Heidestraße,28663.441,22627.990999999998,21745.747,13629.608,14922.022,31037.112999999998,1139.119,1413.401,1226.321
01200625,Lübecker Straße,16264.779,16794.16,17673.075,36132.911,45008.695999999996,41988.632,4405.221,5259.539,5298.727
01200626,Thomasiusstraße,24557.996,24978.561,25555.907,57341.309,64215.058,53393.139,7991.085000000001,9512.152,8508.664
01200627,Zillesiedlung,4035.1989999999996,4088.611,4057.1220000000003,15152.85,16742.273,16304.464,913.861,946.203,859.835
01200628,Lüneburger Straße,7042.434,6506.494,6715.088,24030.734,26348.537,13430.627,2497.4449999999997,9351.502,8265.382
01200629,Hansaviertel,8982.223,9229.943,9039.806,30213.946,35175.60275,31580.781000000003,5767.0070000000005,6193.923,5483.882
01300730,Drontheimer Straße,16508.044,17137.662,18157.603,0.0,0.0,0.0,47412.157,52082.251000000004,47183.37900000001
01300731,Koloniestraße,16719.25,16525.117,16910.549,0.0,0.0,0.0,36767.805,42798.376000000004,38233.137
01300732,Soldiner Straße,12050.953,12397.971,12470.212,0.0,0.0,0.0,35466.363,40028.94,35344.888
01300733,Gesundbrunnen,20469.266,21258.239,21590.561999999998,4145.981,4991.91,5289.849,45212.644,66121.122,58812.8
01300834,Brunnenstraße,18762.758,18907.495,19067.867,28233.131,32220.549,31263.285,15240.44,18530.741,16761.822
01300835,Humboldthain Süd,49482.468,51712.37499999999,51319.387,14982.222,15929.152,10977.568000000001,38520.806000000004,53130.511,51336.119000000006
01300836,Humboldthain Nordwest,30928.892,30592.760000000002,30371.337,19678.175,23118.681,17822.887,241834.351,269781.431,271359.66099999996
01400937,Afrikanische Straße,19982.67,15380.601999999999,15483.768,55301.619,63417.712999999996,55207.755,15167.388,19396.75,17974.695
01400938,Kameruner Straße,55813.551,44594.481,66541.951,35045.603,38642.321,35449.194,131975.368,166046.731,153219.937
01400939,Glasgower Straße,9574.963,9890.929,11916.114,7490.844,5794.817,4272.724,23095.094999999998,29426.867000000002,26532.245
01400940,Schillerpark,11955.011,11641.467,11983.794,26146.825,29184.033,26034.041,2547.084,3029.9809999999998,2826.099
01400941,Londoner Straße,6005.383,6249.499,6220.121,6131.4349999999995,6935.9220000000005,3144.6670000000004,10217.964,15071.857,12673.284
01400942,Westliche Müllerstraße,15653.289,15268.188,15079.213,37948.784,43570.817,38334.842,16100.007,19287.016,16921.207
01401043,Antonstraße,15054.954,14635.734,15813.814,22738.765,25954.519,23935.797,7850.575,9142.494,8445.809000000001
01401044,Uferstraße,13936.623,14032.963,14279.625,22880.907,25939.787,23710.533,20693.085,24530.868,21539.102
01401045,Schwedenstraße,9080.109,9415.55,9408.161,0.0,0.0,0.0,26110.207,29256.428,26205.392999999996
01401046,Nordufer,11486.383,12117.539,11867.269,17253.387,19551.811,17196.508,19603.417999999998,22465.517,20920.231
01401047,Sparrplatz,11599.264,11547.13,11948.033,21694.6065,24329.059,19681.264,13758.734,15908.821,14495.132
01401048,Leopoldplatz,21034.897,20558.836,21085.644,32674.678,37405.822,31842.295,15813.799,18004.246,16060.073
01401049,Schulstraße,12491.588,12774.136999999999,13130.108,32641.171,36130.18,33071.074,5856.485000000001,7538.5109999999995,6959.063
02100101,Askanischer Platz,32706.391,30522.722999999998,31416.011,49360.793,59004.945,53060.548,12192.329000000002,16742.625,17374.119
02100102,Mehringplatz,31193.908000000003,31511.111,34047.966,50756.336,59505.501,51534.223,5886.509999999999,8459.389000000001,6957.030000000001
02100103,Am Berlin Museum,40113.90700000001,39189.934,38432.148,31294.655999999995,35712.601,34218.114,5058.934,8558.304,7478.016
02100104,Moritzplatz,17305.400999999998,15543.889000000001,15750.937,18387.073,19451.262,16402.402,13577.896,14169.59,12771.793
02100105,Prinzenstraße,13202.175,13295.126,13351.046,14289.16,16571.059,15105.122000000001,18816.136,20899.338,18799.021
02100106,Wassertorplatz,8841.786,7814.601,8220.981,0.0,0.0,0.0,34551.705,38273.992,33220.311
02200207,Gleisdreieck,12501.727,11165.014,12431.132,9295.669,9916.802,14132.867000000002,2596.304,3010.957,2775.136
02200208,Rathaus Yorckstraße,13259.804,13192.894,13479.055,10469.192,12044.82,9342.381,24294.664,30786.909,27136.345
02200209,Viktoriapark,17774.278,18121.103,18738.177,0.0,0.0,0.0,61739.575,73679.307,62628.954
02200210,Urbanstraße,22623.674,23004.909,23945.263,0.0,0.0,0.0,72918.628,87695.255,74520.09999999999
02200211,Chamissokiez,28995.091,29388.795,30032.212,0.0,0.0,0.0,91443.166,123405.528,105720.843
02200212,Graefekiez Süd,14501.169,14845.235,15335.917000000001,0.0,0.0,0.0,31264.256999999998,36564.751,31803.352
02200213,Graefekiez Nord,28679.059999999998,29195.349000000002,29341.261000000002,14209.411,16055.107,13872.695,43955.592000000004,51856.469,46908.328
02300314,Oranienplatz,16623.04,16745.099000000002,18468.931,7436.0289999999995,8574.156,7486.48,42930.372,47381.203,48534.284
02300315,Lausitzer Platz,14987.827,14701.383,15327.541,13088.712,14796.962,13338.31,31411.902,35507.635,32098.318
02300316,Köpenicker Straße,14726.172,14851.171999999999,15250.804,10672.287,11290.854,11166.267,25557.517,27407.458,22712.23
02300417,Reichenberger Straße West,15473.577000000001,15508.115000000002,16318.766,6342.844,6586.235,5416.2210000000005,43567.998999999996,50234.994,44382.358
02300418,Reichenberger Straße Ost,15388.601,15004.419,14725.978000000001,2439.524,2552.96,2431.817,37221.195,46847.517,42226.303
02300419,Wrangelkiez,23044.453,23607.093,23223.248,14109.189,15160.234,12787.464,49046.111,57542.128,52161.369999999995
02400520,Barnimkiez,12282.865,11499.938,11925.5,18135.711,20448.613,17358.307,1858.935,2203.357,1889.027
02400521,Friedenstraße,15173.031,14235.643999999998,14255.181,32196.645,36604.789000000004,29319.935999999998,12202.44,13939.906,12520.859
02400522,Richard-Sorge-Viertel,14613.789,14427.111,14643.307,28171.568,32887.915,28401.674,25074.275,27674.319,26470.532
02400623,Andreasviertel,26587.234,26668.653,26603.578999999998,48913.718,55272.12,46744.555,4236.867,6360.214000000001,6263.74
02400624,Weberwiese,18176.331,19393.955,19926.349,38482.485,45015.242,39911.721,22355.071,25664.721,23205.502
02400625,Wriezener Bahnhof,25156.629,19657.711,19422.809,16089.196,19305.083,12890.991,1950.441,3233.9790000000003,2359.32
02500726,Hausburgviertel,10334.543,10602.314,10391.432,7468.969,8637.583,7601.719999999999,36769.732,42834.427,38454.95
02500727,Forckenbeckplatz,10224.893,9769.434,9476.684000000001,18302.71,21366.697,19053.235,14430.955,16543.129,14792.055
02500728,Samariterviertel,15439.903,15123.719000000001,15330.605,21196.739,24212.425,20654.509000000002,31888.019,37172.668,33510.873
02500729,Pettenkofer Straße,12340.948,12782.741,13874.553,17244.143,20275.898999999998,17664.88,8820.381,10678.118,9695.101
02500830,Niederbarnimstraße,6176.27,6107.6,6137.321,12155.085,13540.624,12029.134,11327.326000000001,13288.822,12029.081999999999
02500831,Wismarplatz,9363.946,9440.844000000001,9396.397,17862.205,20652.273,18151.808,20867.792,24025.809,21652.343
02500832,Traveplatz,13717.903999999999,13603.059,13639.695,17072.9,19255.595,16055.544,28452.11,32829.179,27234.974
02500833,Boxhagener Platz,17819.712,17400.975,18191.175,3952.039,4359.809,3964.019,53320.559,60161.623999999996,54959.404
02500834,Revaler Straße,17723.86,17307.879,17980.292,20123.916,22885.631,19287.471,35062.362,40585.666,37091.715
02500835,Stralauer Kiez,30002.998,29299.351,29352.406,35955.224,41623.546,36768.623,16205.958999999999,19722.929,18333.097
02500836,Stralauer Halbinsel,9378.057,6848.45,6872.643,18892.011,21754.521,15230.304,1565.887,1950.855,1747.23
03100101,Bucher Forst,20403.575,20317.781,20762.445,12927.676,12431.588,10119.333999999999,46177.093,48133.83,48507.981
03100102,Klinikum Buch,21825.875,21629.484,21977.977000000003,26139.213,26724.72,23240.827,13869.426,16219.86,14982.389
03100103,Karower Chaussee,38329.155999999995,38168.091,36971.807,51245.787000000004,59134.297,52583.355,37958.766,39514.026,38549.15899999999
03200204,Blankenfelde,4883.484,4857.168,4584.675,0.0,0.0,0.0,8348.106,10695.601,10071.749
03200205,Uhlandstraße,13721.81,14331.228,13981.476,0.0,0.0,0.0,47835.444,56174.494,51506.145000000004
03200206,Pastor-Niemöller-Platz,11405.881,11705.82,11498.042,0.0,0.0,0.0,46869.676,55590.341,49303.418000000005
03200207,Herthaplatz,19552.619,20995.911,20457.471,3135.503,3140.032,3303.679,64901.185,76569.721,69109.546
03200308,Nisbléstraße,7471.437,7659.733,7284.262,0.0,0.0,0.0,18744.298,21775.128,18882.865
03200309,Eddastraße,12333.861,13968.656,13875.992,0.0,0.0,0.0,33704.906,38900.415,32695.29
03200310,Krugpfuhl,12645.035,13173.526,12911.596,0.0,0.0,0.0,17313.182,61627.414000000004,57064.301999999996
03300411,Karow Nord,13365.037,13483.822,13241.241,33006.388,37837.514,33311.638,10200.592,12326.872,10926.823
03300412,Karow Bahnhof,8514.426,9174.079,8925.381,0.0,0.0,0.0,34580.744,41477.004,36576.544
03300413,Karow Ost,1857.898,5220.515,4908.939,0.0,0.0,0.0,14857.166,17662.812,15486.803
03300514,Blankenburg,12263.795,13879.224,13336.77,0.0,0.0,0.0,44495.875,52496.255000000005,46920.512
03300515,Blankenburger Süden,80.608,57.072,60.458,0.0,0.0,0.0,128.049,139.561,86.873
03300516,Heinersdorf,22242.308,22222.995,22615.702,6682.063,6810.568,5296.7080000000005,42806.164,49178.089,43868.818
03300517,Märchenland,4527.2210000000005,4384.112999999999,4301.253000000001,0.0,0.0,0.0,6902.701,9668.253,8044.419
03400618,Rosenthal,7939.361,7876.863,8082.598,762.013,847.691,731.275,17150.192,19821.027,18123.877
03400619,Wilhelmsruh,23154.885,17251.302,17871.176,24968.423,26144.073,20487.405,41792.685,48755.25,43527.995
03400620,Schönholz,6000.25,6484.387000000001,6157.956999999999,0.0,0.0,0.0,22346.114999999998,26337.798,23405.91
03400721,Florakiez,15322.505,15491.432999999999,15178.152,8446.9,9896.58,7970.2080000000005,64752.512,77146.71,70060.813
03400722,Parkstraße,7126.553,7271.1539999999995,7637.756,0.0,0.0,0.0,27581.084000000003,31096.4,28008.899
03400723,Garbátyplatz,13212.06,14917.909,14424.296,11209.638,12390.154999999999,10416.262,42609.55,48749.985,43189.717000000004
03400724,Wolfshagener Straße,8385.433,8448.905,8366.455,9714.021,10756.589,8978.661,20455.977,24569.531,22799.36
03400725,Schlosspark,10536.274,11006.462,11177.204,11072.404,12902.022,11572.045,23172.988,26686.075,23280.076
03400826,Tiroler Viertel,8994.358,8839.551,8608.804,0.0,0.0,0.0,31543.387,42511.124,36713.501000000004
03400827,Trelleborger Viertel,10135.353,10095.282,9988.096,12335.697,14494.653,11929.542,28549.438000000002,34847.088,31384.748
03400828,Spiekermann Straße,6752.85,5831.937,5709.241,5789.8279999999995,6566.996,4571.185,11381.01,13373.611,12015.273000000001
03400829,Arnold-Zweig-Straße,7863.93,7796.731,8035.631,14381.798,16421.028,13442.658,7427.204000000001,9170.834,8556.786
03400830,Kissingenviertel,10705.89,10335.301,10042.28,3306.755,3755.6000000000004,3287.411,31910.953,38775.549,34429.11
03400831,Pankower Tor,0.0,0.0,0.0,0.0,0.0,0.0,0.0,0.0,0.0
03500932,Bühringstraße,10505.176,9615.962,9743.148,14536.253999999999,16191.741,14960.428,13195.494,15967.746,12930.107
03500933,Weißer See,12820.255,13582.521,14496.624,0.0,0.0,0.0,54071.019,63223.299,53398.070999999996
03500934,Weißenseer Spitze,14696.190999999999,14752.991,14696.738,9063.294,10252.318,7569.452,43164.501000000004,49335.24,46090.514
03500935,Behaimstraße,11008.588,10752.33,10981.718,1009.363,1096.954,1012.188,39885.262,46368.007,40701.905
03500936,Komponistenviertel Weißensee,14271.15,14447.777,14967.95,14428.631,16371.609,14552.787,30627.746,36290.608,32870.712
03501037,Rathaus Weißensee,30457.954,29966.321,29102.258,18379.54,20490.484,17709.28,46940.187,60781.755,58361.323000000004
03501038,Hansastraße,12094.055,12294.737,12682.302,17246.154,16913.648,16373.872,12446.549,18196.313,15735.04
03601139,Norweger Viertel,5058.6050000000005,5137.077,5205.349,0.0,0.0,0.0,19497.66,23702.127,20654.756
03601140,Malmöer Straße,6967.147,6752.85,6777.811,0.0,0.0,0.0,38064.094,43549.995,39135.792
03601141,Arnimplatz,9999.113,10432.024,10766.696,0.0,0.0,0.0,38408.85,44174.043,39840.334
03601142,Falkplatz,18190.766,17986.112,18231.242,2648.135,2110.889,1686.155,58755.906,73670.128,65224.143000000004
03601243,Rodenbergstraße,12887.707,12819.266,13250.476,1142.028,1393.05,984.278,34339.777,39898.708,35456.376000000004
03601244,Humannplatz,9032.723,8846.476,8906.616,13068.401,15178.226,11449.297999999999,12636.633,15177.784,13600.114
03601245,Ostseestraße,19863.327,20895.908,21809.906,27614.942,30981.470999999998,26909.57,23388.373,33301.849,28152.447
03601346,Gethsemanekirche,8420.689999999999,11272.903,10769.536,0.0,0.0,0.0,35603.574,40590.551999999996,35961.074
03601347,Helmholtzplatz,12699.778,13034.32,13169.583,2840.335,2997.462,2518.45,51166.302,59115.348,53550.424
03601348,Senefelderstraße,10188.632,10373.729,10385.801,2290.911,2372.289,2447.6859999999997,37208.663,42945.308,38150.621
03601449,Michelangelostraße,15669.057,15077.319,15916.405999999999,32065.645,36876.741,32551.876,3852.088,4866.566,4426.098
03601450,Volkspark Prenzlauer Berg,20559.161,21046.672,20663.228,23891.445,25629.649,23138.042,8539.494999999999,11434.338,10378.801
03601451,Anton-Saefkow-Park,8095.025,8075.609,8044.902,3236.197,3807.554,3442.81,15517.51,18698.729,17238.236
03601452,Velodrom,5819.193,5482.081,5541.919,11415.214,12698.323,11447.796,10152.705,12161.777,11786.345
03601453,Alter Schlachthof,14505.96,9554.196,9405.728000000001,10465.16,11242.385,9507.987000000001,0.0,0.0,0.0
03701554,Teutoburger Platz,23102.918999999998,22792.53,23873.999,0.0,0.0,0.0,81721.323,94005.05,82789.202
03701555,Sredzkistraße,15456.761,14554.75,15159.14,0.0,0.0,0.0,51758.297,57498.222,52753.946
03701556,Kollwitzplatz,24859.38,24068.94,25259.675,12364.302,10883.687,9142.101,54713.221,65197.826,58157.55
03701657,Thälmannpark,4165.275,4291.834,4558.35,14395.74,16720.043999999998,15658.142,0.0,0.0,0.0
03701658,Christburger Straße,10295.379,10337.638,10276.619,0.0,0.0,0.0,45090.335999999996,52784.024000000005,47032.340000000004
03701659,Immanuelkirchstraße,14646.198,14115.885,15052.024,7477.829,7969.813,7044.436,49646.257000000005,56302.78,51771.296
03701660,Bötzowstraße,17726.931,17685.367000000002,18231.742,22650.037,26024.896,22869.029,49351.645,58246.066,52323.595
04100101,Jungfernheide/Plötzensee,32675.025,35400.572,34941.203,47964.93,55875.638,49339.583,33894.456,47048.517,43995.639
04100102,Paul-Hertz-Siedlung,8567.112000000001,8186.602,8234.868,31091.947999999997,34759.787000000004,31050.49,2059.107,1774.233,1832.051
04200203,Olympiagelände,14868.475999999999,13624.597,13178.982999999998,18557.187,24150.635,0.0,16286.451000000001,17985.378,15047.916000000001
04200204,Angerburger Allee,5195.191,5115.509999999999,5362.887000000001,0.0,0.0,0.0,1554.688,4066.7140000000004,3663.527
04200205,Flatowallee,5550.47,5841.967000000001,5731.291,0.0,0.0,0.0,16622.524,19499.339,16108.248
04200206,Kranzallee,6691.89,7027.21,6950.118,0.0,0.0,0.0,18208.35,19943.981,18441.939
04200207,Eichkamp,6327.723,6306.786,6746.476,0.0,0.0,0.0,26991.168,31632.165,27542.975
04200308,Branitzer Platz,23044.338,23340.111,22922.288,31778.027000000002,36905.889,32358.863,17056.428,22276.775,19604.658
04200309,Neu Westend,9256.897,9092.637999999999,9052.086,15911.228,18094.142,17588.718,11546.466,13143.082,11361.765
04200310,Fürstenplatz,20308.661,20190.736,20546.037,23307.397,26041.713,23582.665,32294.482,37688.828,33262.071
04200311,Königin-Elisabeth-Straße,21007.743000000002,21254.609,21506.721,51457.835,58837.916,47858.695,59682.76,60993.361,50382.21
04300412,Schlossgarten,11350.9,11058.232,10857.858,23263.926,26872.415999999997,21514.476,4573.137000000001,5048.851,4608.232
04300413,Klausenerplatz,18299.54,18964.326,19099.98,0.0,0.0,0.0,52887.782999999996,59425.297,55538.642
04300414,Schloßstraße,17768.785,18174.245,18556.655,41157.808,46759.505,40070.332,19922.861,23318.039,20417.31
04300415,Lietzensee,10515.609,10925.845,10964.472,26313.58,31537.754999999997,29306.899999999998,15557.424,18373.086,16562.069
04300416,Amtsgerichtsplatz,23680.088,23660.149,23890.931,34854.984000000004,41343.748,37335.504,38979.639,44213.259,41353.491
04300517,Tegeler Weg,13238.939,14031.839,13716.885,21816.864999999998,24978.970999999998,23301.887,21630.649,25758.881,21647.73
04300518,Kaiserin-Augusta-Allee,64124.564,61778.324,60580.039,21470.583,24676.768,21627.082000000002,27219.290999999997,30695.336,26188.088
04300619,Alt-Lietzow,14880.452,15168.064999999999,15927.615,41664.228,47617.704,42863.447,8899.880000000001,10104.458,8545.663
04300620,Spreestadt,49465.838,57737.751000000004,58106.97,22066.927,23440.728,16950.099000000002,42504.921,52797.858,42413.948000000004
04300621,Richard-Wagner-Straße,23021.038,24084.248,24029.913,53424.612,61578.866,56010.770000000004,20585.37,22503.592,20608.559
04300622,Ernst-Reuter-Platz,30419.861,29493.365,30970.964,109902.8,129487.603,113951.013,3604.871,4351.327,4009.478
04300623,Karl-August-Platz,38324.426,37172.952,38802.112,41936.81,48148.820999999996,43438.377,30779.697,34050.92,31308.832
04300624,Savignyplatz,27642.373,27160.260000000002,28522.190000000002,47460.558,54446.288,50632.612,27754.72,31985.537,30600.143
04400725,Güterbahnhof Grunewald,276.935,97.301,95.089,0.0,0.0,0.0,1613.639,2621.1499999999996,1467.3629999999998
04400726,Bismarckallee,13310.107,13285.809,13877.915,0.0,0.0,0.0,45216.028,50485.894,44338.856
04400727,Flinsberger Platz,15941.003999999999,16053.33,16159.97,12643.707,14200.926,12559.684,25947.563,29376.381,26729.897
04400728,Hagenplatz,9849.753,10022.127,10099.536,0.0,0.0,0.0,31859.208,35819.268000000004,30791.684
04400729,Hundekehle,10121.394,10266.711,10044.021,0.0,0.0,0.0,26269.89,33425.484,29395.556
04400830,Forckenbeckstraße,28193.079999999998,27153.442,28032.260000000002,28423.463,33046.641,29898.263,20745.397,33214.45,28462.662
04400831,Messelpark,5326.019,5335.83,4830.937,0.0,0.0,0.0,11297.689,14150.328,12936.437
04400832,Breite Straße,12916.917,13504.475,13609.761999999999,17430.769,20660.051,18744.255,20312.614999999998,24291.124,21334.792
04400833,Schlangenbader Straße,9241.509,7965.610000000001,7883.9529999999995,23039.695,26717.068750000002,22439.17,2718.271,2913.352,1277.022
04400834,Binger Straße,8090.339,7929.653,7735.650000000001,13580.588,15592.165,14096.511,7038.9710000000005,7746.153,6512.121
04400835,Rüdesheimer Platz,12450.074,12958.255000000001,12727.067,25225.500999999997,29976.084,27455.106,10245.437,11358.935,10549.551
04500936,Droysenstraße,9670.651,9990.858,9939.659,21518.106,23918.560999999998,18176.383,13985.32,16073.585,13588.272
04500937,Halensee,22646.128,21730.989,22053.176,34197.582,35901.458,29964.213,16575.461,19556.521,17315.534
04500938,Hochmeisterplatz,21078.171,20055.706,20253.016,45147.16,49752.345,40099.595,11344.332999999999,13609.134,12017.498
04500939,Eisenzahnstraße,18570.035,20645.523,22317.142,35393.589,40563.729,36509.457,6367.851000000001,6982.502,6128.033
04501040,Hindemithplatz,14952.91,14777.74,15835.145,39513.453,45234.975,40087.151,9379.483,9906.865,8480.975
04501041,George-Grosz-Platz,39677.679000000004,38613.105,42345.708,73649.175,83606.496,73489.806,4693.0,4356.137000000001,4996.889
04501042,Breitscheidplatz,77746.605,72364.668,77129.363,98031.702,106257.181,94269.001,4620.064,4630.014,6186.071
04501043,Preußenpark,22554.202,21107.005,21692.875,69330.291,78202.532,70749.575,7163.595,8170.061,7811.017
04501044,Ludwigkirchplatz,15607.655999999999,15583.13,15924.698,31127.416,36500.24,33192.547,5413.143,6572.339,6133.214
04501045,Schaperstraße,27473.64,26480.246,27515.014,54969.085,62033.258,58292.984,15995.913,17948.202,15981.887
04501146,Barstraße,9668.096,9669.599,9503.57,15728.478000000001,18295.907,16704.535,11066.833999999999,13021.374,11655.876
04501147,Leon-Jessel-Platz,11965.29,12085.496,12526.082999999999,23559.861,27432.801,21503.405,10008.214,12104.926,10486.143
04501148,Brabanter Platz,12006.363,12162.041,12318.92,16402.534,18841.264,17529.961,8594.885,10220.279,9059.193
04501149,Nikolsburger Platz,21999.79,22457.26,23285.882,25874.206,29318.532,26609.5,29663.325,34669.373999999996,30786.252
04501150,Wilhelmsaue,8205.195,8447.597,8760.923,13087.56,15669.227,14025.065999999999,4908.407,5896.317,5222.32
04501151,Hildegardstraße,11414.681,11560.758,11684.67,14251.731,16208.219000000001,15361.373,25208.083,29752.977,24514.56
04501152,Prager Platz,15423.077,14537.112,14925.351,21825.031,24811.111,19908.524,14331.566,16501.731,14563.253
04501153,Babelsberger Straße,11846.645,12053.377,12403.734,16527.762,19338.846999999998,17295.841,19002.972999999998,22482.952,20376.299
05100101,Hakenfelde Nord,10688.119999999999,9321.599,9747.318,0.0,0.0,0.0,41171.023,45687.117,42142.348
05100102,Am Forstacker,6307.612,6424.468,6117.6630000000005,0.0,0.0,0.0,18649.204,21206.297,18296.904000000002
05100103,Mertensstraße,17040.479,17775.952,16470.017,0.0,0.0,0.0,11399.695,14365.82,12255.703
05100104,Maselake,11481.635,8321.911,9658.799,0.0,0.0,0.0,4436.566,6487.497,5850.213
05100105,Amorbacher Weg,12122.281,12121.292,11471.15,0.0,0.0,0.0,43703.966,53564.229999999996,46385.886
05100206,Griesingerstraße,22187.627,22241.201,27900.518,0.0,0.0,0.0,13525.787,18930.703,16692.529000000002
05100207,An der Tränke,3593.087,3641.234,3521.191,0.0,0.0,0.0,8683.422,10483.557,9334.484
05100208,Im Spektefeld,16988.48,17063.768,16989.278,0.0,0.0,0.0,38436.964,41155.534,35820.76
05100209,Westerwaldstraße,15131.038999999999,15212.458,15142.904999999999,0.0,0.0,0.0,50404.689,60752.559,52427.469
05100210,Germersheimer Platz,9649.858,9858.022,10106.074,3476.918,4145.363,3552.196,28494.099,34556.949,31682.122
05100211,An der Kappe,10074.538999999999,9701.437,9471.501,0.0,0.0,0.0,16554.761,21277.145,16331.822
05100312,Eckschanze,5782.001,5422.733,5408.499,0.0,0.0,0.0,14619.945,16687.811,14720.572
05100313,Eiswerder,12713.986,12677.128,12695.122,6591.221,4311.26,2752.585,17119.769,35134.771,30583.459
05100314,Kurstraße,13251.317,12951.391,12708.419,0.0,0.0,0.0,42681.998,47126.678,47389.782
05100315,Ackerstraße,11457.808,11855.335000000001,11751.288,1797.206,1729.732,1295.0,25431.384000000002,28267.656,24745.394
05100316,Carl-Schurz-Straße,25147.693,25491.312,26407.786,22434.178,25444.976,22072.85,37949.648,43920.121,40336.393
05100317,Freiheit,59788.814,61942.686,60341.532,1675.959,1937.591,1389.514,51638.132,53929.626,50006.418999999994
05200418,Isenburger Weg,5453.3240000000005,5801.47,5685.509,0.0,0.0,0.0,19244.529,23050.75,20274.954999999998
05200419,Am Heideberg,2565.256,2833.526,2734.097,0.0,0.0,0.0,10479.086,12279.778,10701.545
05200420,Staakener Straße,42763.239,49594.539,51198.104,0.0,0.0,0.0,51490.688,61048.946,51157.04
05200421,Spandauer Straße,5879.598,6044.737,6035.258,0.0,0.0,0.0,7182.843000000001,7723.027,5642.178
05200422,Werkstraße,7389.1539999999995,7702.099,7912.147999999999,0.0,0.0,0.0,8505.243,10052.197,8677.071
05200423,Magistratsweg,10759.408,11165.609,11345.374,0.0,0.0,0.0,6888.073,21328.786,18838.829
05200524,Döberitzer Weg,5578.3550000000005,5889.7390000000005,5722.624,0.0,0.0,0.0,14943.077,17494.965,14075.271
05200525,Pillnitzer Weg,2974.952,3538.227,3323.3599999999997,0.0,0.0,0.0,9950.613000000001,11229.78,11489.409
05200526,Rudolf-Wissell-Großsiedlung,21568.667999999998,23314.68,22893.001,0.0,0.0,0.0,312.121,496.845,416.291
05200527,Maulbeerallee,38070.622,41360.631,39617.655,5928.66,6704.885,6034.139,32284.238,31151.239999999998,32051.179
05200528,Weinmeisterhornweg,11871.903,12330.753,12185.186,0.0,0.0,0.0,27801.871,32024.151,28375.867
05200629,Borkumer Straße,34447.744,31213.102,32249.203,6745.606,7836.267,5096.868,31296.71,40074.003,32404.927
05200630,Wilhelmstadt West,16625.851,17502.565,17386.678,9353.382,10093.657,8455.266,33535.078,42004.526,36486.587
05200631,Wilhelmstadt Ost,10243.154,10638.953,10732.989,4289.996999999999,4459.541,4217.287,24660.293999999998,29505.995,26757.552
05200632,Tiefwerder,12824.353000000001,12367.028,13108.397,2324.136,2615.907,2443.529,7805.093,9478.014,7878.572
05200633,Graetschelsteig,4368.39,3720.06,3880.2419999999997,8226.552,7878.092,7036.343999999999,1145.574,1491.3799999999999,1432.0480000000002
05200634,Börnicker Straße,10679.056,11047.393,10701.749,0.0,0.0,0.0,24391.062,29276.335,24435.358
05300735,Haveleck,3252.737,1662.339,1412.1390000000001,0.0,0.0,0.0,1869.942,2242.931,1940.186
05300736,Zitadellenweg,159409.263,145226.613,134199.462,0.0,0.0,0.0,94721.527,109893.01199999999,46106.134
05300737,Gartenfelder Straße,16531.613,16142.164,16729.693,36494.928,42076.767,37077.493,6532.832,7003.085,6016.45
05300838,Gartenfeld,2521.787,1204.734,1114.853,0.0,0.0,0.0,0.0,753.524,0.0
05300839,Rohrdamm,9159.722,9922.329,9764.543,27064.797,30159.254,25813.536,6371.505999999999,8245.682,7439.0019999999995
05300840,Nonnendammallee,97251.008,69322.701,74843.515,33749.179000000004,43135.179,53882.146,7648.601000000001,9694.369999999999,45357.488
05300841,Siemensdamm,8994.758,8781.16,9191.763,9171.164999999999,10835.741,9831.447,10386.097,11899.233,10629.735
05400942,Alt-Gatow,11629.318,12251.407,11859.927,0.0,0.0,0.0,28822.892,32816.614,29825.144
05400943,Jägerallee,20896.373,21280.527,20600.014,0.0,0.0,0.0,63015.813,71510.958,61242.651
05400944,Kladower Damm,6407.079,6764.233,6681.835,0.0,0.0,0.0,12010.567,13888.707999999999,12549.971
05400945,Kafkastraße,9116.221,9612.988000000001,9041.647,0.0,0.0,0.0,25888.302,29013.091,24722.671
06100101,Fichtenberg,12568.74,13141.833,14325.732,23256.203,27000.564,24291.092,23273.468,27721.21,23822.746
06100102,Schloßstraße,32505.791,31884.380999999998,33795.477,16108.447,18773.673,17670.855,34881.533,41005.334,35719.623
06100103,Markelstraße,27404.332,25152.798,27151.42,15201.407,17343.199,15862.103,19609.208,22561.688,19323.315
06100204,Munsterdamm,10607.302,10877.935,10896.645,21653.488,25396.661,23336.483,14192.483,19645.226,17586.443
06100205,Südende,14504.773000000001,15159.798999999999,15498.106,21179.862,23644.427,21850.661,20501.306,25900.806,22001.594
06100206,Stadtpark,10013.818,10136.043,10108.598,32043.693,36749.628000000004,34357.995,3831.26,5837.134,5269.4529999999995
06100207,Mittelstraße,12406.427,12755.921,12475.592,15508.829,17505.795,17078.082000000002,17930.039,21086.051,18647.797
06100208,Bergstraße,11798.892,12459.663,12651.117,5417.174,6179.094,5438.441,27110.336,34140.898,28757.694
06100209,Feuerbachstraße,12477.636,13254.069,12993.47,5652.261,6633.659,5722.902,29726.811999999998,36483.584,32075.813
06100210,Bismarckstraße,5701.336,5974.802,5937.041,10905.787,12212.857,11626.131,10709.569,12804.681,10806.224
06200311,Alt-Lankwitz,8633.872,9939.748,9691.363000000001,0.0,0.0,0.0,19766.667999999998,24367.705,20313.258
06200312,Komponistenviertel Lankwitz,16729.891,16281.362000000001,16503.47,11115.275,11518.693,11054.052,21128.943,24260.115999999998,20744.492000000002
06200313,Lankwitz Kirche,11399.976,11409.649,11857.173999999999,0.0,0.0,0.0,23522.727,27335.578999999998,23337.345
06200314,Kaiser-Wilhelm-Straße,11742.6,11709.121,11715.615,0.0,0.0,0.0,34574.287,41125.692,36103.704
06200315,Gallwitzallee,11649.602,11979.806,11588.453,0.0,0.0,0.0,41472.259,56496.846,50918.646
06200316,Belßstraße,10027.183,10285.126,9600.589,0.0,0.0,0.0,21967.742,26569.589,24191.386
06200317,Lankwitz Süd,11494.707,12220.433,11946.016,0.0,0.0,0.0,32359.472999999998,40244.182,33632.015
06200418,Landweg,11.469,16.79,16.865,0.0,0.0,0.0,0.0,0.0,0.0
06200419,Thermometersiedlung,6250.847,7199.877,7338.630999999999,8191.457,9824.171999999999,8561.600999999999,2912.154,2812.692,3161.877
06200420,Lichterfelde Süd,12958.462,13649.193,13901.26,3662.8909999999996,4107.193,3762.299,25594.32,29538.243000000002,25679.233
06200421,Königsberger Straße,29660.765,30796.251,35973.511,2179.067,2321.751,2185.346,49066.198,55327.637,46898.607
06200422,Oberhofer Platz,16982.219,16972.905,16781.673,0.0,0.0,0.0,34665.97,43127.770000000004,38294.947
06200423,Schütte-Lanz-Straße,12633.648,13342.041000000001,13035.547999999999,8989.26,10305.176,9071.477,25559.194,30280.624,26774.962
06300524,Berlepschstraße,16354.363,11905.391,11918.006,0.0,0.0,0.0,37335.746,43452.462999999996,37984.373
06300525,Zehlendorf Süd,8804.064,9707.227,9420.555,0.0,0.0,0.0,6447.736,7717.906000000001,6619.871
06300526,Zehlendorf Mitte,14561.409,14435.914,14841.852,0.0,0.0,0.0,30754.376,35150.02,29501.222
06300527,Sundgauer Straße,11408.085,11733.224,11546.173,20959.384000000002,23567.494000000002,28325.532,10174.896,12141.597,10541.322
06300528,Teltower Damm,20844.548,21681.204,21176.65,0.0,0.0,0.0,71568.18,84535.673,74124.329
06300629,Botanischer Garten,24248.057,25508.348,24995.561999999998,44300.937,50847.241,44857.306,24410.489,29107.295,25744.695
06300630,Hindenburgdamm,30657.889,33199.205,38314.922999999995,40146.729,43473.893000000004,44105.897000000004,27043.329999999998,29845.249,27591.176
06300631,Goerzwerke,70490.214,81057.179,80191.28199999999,8527.994,9418.44,8987.565999999999,35402.718,38303.387,34006.651
06300632,Schweizer Viertel,27001.647,27421.071,27060.547,21955.927,24915.403,22012.758,33618.768,44816.455,37920.451
06300633,Augustaplatz,23867.868000000002,25708.727,25399.139,9822.444,10263.431,7465.016,58770.159,70131.099,61082.64
06300634,Lichterfelde West,15065.16,16131.056,16005.354,13248.56,15112.483,13695.104000000001,37518.845,46584.04,40044.702
06400735,Wannsee,41834.567,43403.436,43990.748999999996,0.0,0.0,0.0,76373.197,91564.15699999999,81559.012
06400736,Düppel,11161.222,11826.653,12109.938,0.0,0.0,0.0,15076.936,18523.287,15782.376
06400737,Nikolassee,37705.642,37788.088,37835.407,0.0,0.0,0.0,87504.739,102934.71800000001,90028.185
06400838,Krumme Lanke,16006.098,16114.652,16875.559,0.0,0.0,0.0,58181.907,68216.439,60719.616
06400839,Fischerhüttenstraße,11377.995,12071.01,12162.717,0.0,0.0,0.0,43003.339,51668.016,46121.305
06400840,Fischtal,9343.377,10056.528,9973.872,14811.777,16915.712,15194.672999999999,28763.231,34252.891,29689.91
06400841,Zehlendorf Eiche,17449.457000000002,17760.568,16438.335,9435.030999999999,11911.14,12673.348,35409.178,35915.75,29982.178
06400842,Hüttenweg,12665.857,12511.098,12468.616,20888.481,24098.714,20873.97,2301.492,2621.81,1862.113
06400843,Thielallee,31712.611,29195.158,29241.385000000002,49004.782,56032.3005,51473.09075,29390.349000000002,35419.411,30849.927
06400844,Dahlem,24144.308,24837.864,24824.533,11986.211,13086.093,8914.593,64144.82,75468.314,64126.301
07100101,Wittenbergplatz,57808.683000000005,54376.214,56364.975,67271.496,74251.711,73805.219,20404.503,25100.498,22275.938
07100102,Kalckreuthstraße,22819.569,23248.317,24264.612,2707.381,3249.139,3190.846,42080.261,50359.735,44936.578
07100103,Frobenstraße,22903.398,24244.547,25035.928,0.0,0.0,0.0,55825.31,62852.462,56774.7
07100204,Barbarossaplatz,19564.331,20062.661,20349.36,0.0,0.0,0.0,56693.869,63536.709,55966.735
07100205,Alvenslebenstraße,9509.503,8869.544,9409.582,1053.019,1161.127,0.0,29962.794,37660.949,34660.049
07100206,Großgörschenstraße,13037.07,12641.053,13165.154,0.0,0.0,0.0,42653.174,50066.562,43433.182
07200307,Bayerischer Platz,16314.407,17398.188000000002,17449.051,11296.471,13003.955,11404.916000000001,32539.733,39857.833,34198.808
07200308,Volkspark (Rudolph-Wilde-Park),15428.931,16221.772,16115.813,9665.712,10170.994999999999,8976.825,35279.984,46296.776,39834.878000000004
07200409,Belziger Straße,20542.932,20565.491,21141.631,10709.321,10748.679,10304.473,49508.126000000004,61181.898,51765.983
07200410,Feurigstraße,13563.992,12714.697,14067.555,0.0,0.0,0.0,31742.487,34938.562,31292.574999999997
07200411,Julius-Leber-Brücke,4661.885,4660.424,4832.673,0.0,0.0,0.0,18107.798000000003,21352.98,18761.226000000002
07200412,Schöneberger Linse,6357.454,1342.659,3115.168,0.0,0.0,0.0,4930.678,3085.035,4038.728
07200413,Cheruskerstraße,16382.026,16114.419,16217.587,0.0,0.0,0.0,52646.481,61724.118,54916.886
07200414,Hohenfriedbergstraße,5657.741,5821.294,5626.512000000001,0.0,0.0,0.0,18826.032,21774.849000000002,19970.477
07300515,Taunusstraße,10692.204,10719.666,10825.325,8150.77,8769.845000000001,8456.392,28583.751,34030.99,29476.551
07300516,Odenwaldstraße,15305.472,16441.983,16769.486,25829.494,29342.933,27463.211,26012.466,30255.683,27029.899
07300517,Perelsplatz,16510.551,17064.171,17113.556,8407.036,9651.045,8658.849,41643.157,49322.637,44541.832
07300618,Ceciliengärten,14229.791000000001,14694.229,15033.571,16857.934,19871.106,17739.475,36215.264,42670.917,36975.453
07300619,Grazer Platz,20622.346,20903.76,20063.5,42012.512,47410.059,43081.399,30207.414,36403.614,29409.186
07400720,Gontermannstraße,21234.825,21360.632999999998,21713.104,0.0,0.0,0.0,46280.283,71400.424,57757.493
07400721,Paradestraße,7466.23,7518.973,7089.729,0.0,0.0,0.0,36760.902,78643.871,70235.389
07400822,Lindenhofsiedlung,23444.648,23877.624,24291.587,0.0,0.0,0.0,25612.131,36235.494,28096.325
07400823,Wittekindstraße,14241.975,14333.323,13733.839,0.0,0.0,0.0,26459.622,40411.812,34559.206
07400824,Bosepark,15879.456,15671.707999999999,15998.413,0.0,0.0,0.0,36826.356,43540.085,38181.075
07400825,Friedrich-Karl-Straße,14993.325,15478.52,15649.502,0.0,0.0,0.0,41068.422,46691.739,40636.734
07400826,Marienhöhe,14683.011999999999,14460.811,13922.822,0.0,0.0,0.0,33085.703,39121.093,34487.678
07400927,Rathaus Tempelhof,81370.689,81836.446,81935.501,0.0,0.0,0.0,146310.182,189821.544,158656.05
07400928,Germaniagarten,8695.4,8784.653,8784.666,0.0,0.0,0.0,28345.535,32323.053,30884.744000000002
07501029,Ringstraße,28128.329999999998,21361.733,20983.650999999998,0.0,0.0,0.0,56429.26,61076.55,45509.289
07501030,Machonstraße,14039.23,14705.347,15001.772,0.0,0.0,0.0,36460.288,42578.847,35894.155
07501031,Eisenacher Straße,16916.928,16984.184,17147.853,0.0,0.0,0.0,33495.451,37846.762,33978.762
07501032,Imbrosweg,9192.255000000001,9304.081,9343.298,0.0,0.0,0.0,29339.356,33587.608,29461.368000000002
07501133,Fritz-Werner-Straße,39962.590000000004,40745.032999999996,42343.582,0.0,0.0,0.0,55864.965,73923.412,69288.93400000001
07501134,Hundsteinweg,18999.393,18535.792,18491.639,0.0,0.0,0.0,36658.376,44315.883,36420.485
07501135,Birnhornweg,4888.093,4875.261,4818.8369999999995,0.0,0.0,0.0,9922.84,11479.519,10036.37
07601236,Marienfelder Allee Nordwest,27744.152000000002,29144.583000000002,28801.590000000004,0.0,0.0,0.0,43346.842000000004,56074.432,50762.076
07601237,Kirchstraße,14011.76,14185.214,14141.357,0.0,0.0,0.0,26314.718,30881.792,26330.861
07601238,Marienfelde Nordost,21520.334,18334.064,18477.872,0.0,0.0,0.0,51462.530000000006,69773.225,61715.672
07601339,Tirschenreuther Ring West,7482.678,7468.4,7452.789000000001,0.0,0.0,0.0,4492.6359999999995,42518.198000000004,40741.6
07601340,Tirschenreuther Ring Ost,10542.824,10193.535,9807.193,0.0,0.0,0.0,23228.673,27150.073,25523.687
07601341,Diedersdorfer Weg,137353.174,152240.103,160552.823,0.0,0.0,0.0,101253.376,116851.73400000001,122872.48999999999
07601442,Kettinger Straße,18296.931,18348.38,18317.905,0.0,0.0,0.0,47164.613,52800.202,46836.058
07601443,Töpchiner Weg,18165.309,23903.613,23784.05,0.0,0.0,0.0,44611.11,51973.208,45244.218
07601544,John-Locke-Straße,17826.66,17886.08,18072.911,0.0,0.0,0.0,30943.52,35517.434,29822.760000000002
07601545,Nahariyastraße,11775.434000000001,12208.467,12828.863,0.0,0.0,0.0,35067.322,42114.973,37671.78
07601546,Franziusweg,11244.512,11431.462,11130.931,0.0,0.0,0.0,31424.45,37038.379,32840.923
07601547,Horstwalder Straße,5735.934,5858.459,5782.1849999999995,0.0,0.0,0.0,19624.662,23008.62,19681.514
07601548,Wittelsbacherstraße,4803.218,4904.604,4899.646,0.0,0.0,0.0,12977.596,15167.353000000001,13428.002
08100101,Hasenheide,12295.634,9502.227,9983.939,0.0,0.0,0.0,17840.534,16231.701000000001,16696.551
08100102,Schillerpromenade Nord,13062.838,12681.538,12717.678,0.0,0.0,0.0,29034.768,34067.123,29522.527000000002
08100103,Schillerpromenade Süd,8909.0,9325.686,9206.196,0.0,0.0,0.0,20995.121,23948.397,21775.517
08100104,Wartheplatz,9390.207,9701.402,9264.204,0.0,0.0,0.0,15250.546,18187.167999999998,17494.25
08100105,Silbersteinstraße,8011.673,8039.945,7739.543,0.0,0.0,0.0,24915.261,26522.991,23596.86
08100206,Flughafenstraße,28163.062,26193.28,27277.389,0.0,0.0,0.0,22065.021999999997,26141.978,23651.639
08100207,Rollberg,11083.84,10847.396,11090.245,0.0,0.0,0.0,8016.669,9324.906,8659.351999999999
08100208,Körnerpark,16721.161,17049.98,17350.961,0.0,0.0,0.0,38033.83,43675.458,38790.66
08100209,Glasower Straße,22825.374,23820.446,24629.732,0.0,0.0,0.0,42999.767,49862.969,47166.771
08100310,Maybachufer,13978.156,13963.196,14381.203,0.0,0.0,0.0,26420.607,30762.871,26631.663
08100311,Reuterplatz,12771.045,12738.313,13055.301,0.0,0.0,0.0,25657.248,29189.434,26994.397
08100312,Weichselplatz,19024.146,19276.568,19751.248,0.0,0.0,0.0,23816.886000000002,27608.811,24513.129
08100313,Bouchéstraße,4240.589,4439.403,4442.456,26645.21925,23297.193,40081.108250000005,3114.8999999999996,3511.2439999999997,3305.762
08100314,Donaustraße,21446.36,21447.198,22524.113999999998,0.0,0.0,0.0,19112.088,21668.049,19079.76
08100415,Ganghoferstraße,10758.441,11390.582,11914.915,0.0,0.0,0.0,10381.521,11703.546,10515.002
08100416,Alt-Rixdorf,11891.569,11609.208999999999,11725.779,0.0,0.0,0.0,17830.706,19962.699,17740.39
08100417,Braunschweiger Straße,14527.432999999999,13613.292,13785.199,0.0,0.0,0.0,21281.84,24371.417,21879.562
08100418,Hertzbergplatz,17335.257,16936.598,17779.02,0.0,0.0,0.0,10622.384,15253.259,13922.95
08100419,Treptower Straße Nord,9808.521999999999,10038.932,10230.737000000001,0.0,0.0,0.0,9849.456,13216.616,11217.33
08100520,Weiße Siedlung,28441.001,26114.475000000002,26350.183,0.0,0.0,0.0,12659.092,14375.289999999999,13189.734999999999
08100521,Schulenburgpark,75979.769,77732.325,80128.848,0.0,0.0,0.0,102292.094,118196.46,112959.255
08200622,Jahnstraße,31588.773,32644.662,32421.889,0.0,0.0,0.0,30305.686999999998,94752.229,146315.57
08200623,Park am Buschkrug,13526.796,14448.943000000001,14679.489000000001,0.0,0.0,0.0,43392.816000000006,53207.543000000005,45634.636
08200624,Tempelhofer Weg,37630.21,40935.618,44816.904,0.0,0.0,0.0,174380.679,187801.84,180357.449
08200725,Mohriner Allee Nord,35897.031,36961.421,34550.135,0.0,0.0,0.0,21153.034,23225.423000000003,19583.618000000002
08200726,Hufeisensiedlung,8710.209,8858.501,8574.831,0.0,0.0,0.0,32195.233,36622.638,33289.479
08200727,Parchimer Allee Süd,11805.921,12142.89,13021.697,0.0,0.0,0.0,33939.974,40377.062000000005,37212.781
08200728,Ortolanweg,8563.405,9119.455,8518.5,0.0,0.0,0.0,13367.133000000002,15229.853,13378.598
08200729,Britzer Garten,9537.539,10282.789,10546.5,0.0,0.0,0.0,13151.033,14258.118,14223.207999999999
08200730,Handwerker-Siedlung,8693.315999999999,8729.777,8467.467999999999,0.0,0.0,0.0,16298.382999999998,19656.386000000002,16813.482
08200831,Buckow West,13351.710000000001,13759.443,13768.813,0.0,0.0,0.0,29322.195,35742.029,29761.643
08200832,Buckow Mitte,22983.637,23233.127,23404.607,0.0,0.0,0.0,47705.559,64670.919,60415.835999999996
08200833,Buckow Ost,14387.501,15123.417,14850.425,0.0,0.0,0.0,16544.226000000002,33930.0,29674.137
08300934,Gropiusstadt Nord-West,29525.281,28826.822,31177.130999999998,0.0,0.0,0.0,317.964,449.738,303.196
08300935,Gropiusstadt Süd-West,9683.117,9633.824,9453.707999999999,811.462,1025.441,878.176,146.485,591.173,560.017
08301036,Gropiusstadt Mitte,11166.611,9667.79,11573.944,4303.973,4897.323,2873.548,1538.6,1311.935,1967.725
08301037,Gropiusstadt Süd-Ost,12373.933,12832.773,12535.203,0.0,0.0,0.0,0.0,0.0,0.0
08401138,Goldhähnchenweg,4140.008,4223.433,4215.994,0.0,0.0,0.0,9380.114,11463.409,10560.470000000001
08401139,Vogelviertel Süd,26894.481,28188.658999999996,28303.674,11059.883,13024.477,11495.473,42857.221,41327.602,34826.37899999999
08401140,Vogelviertel Nord,3856.413,3962.544,4008.053,0.0,0.0,0.0,8646.119,9753.719,8370.168
08401241,Blumenviertel,14604.53,14794.71,14370.507,0.0,0.0,0.0,30436.923,35306.782,30308.574
08401242,Zittauer Straße,10474.106,11746.148,11341.967,0.0,0.0,0.0,22344.441,28187.874,24368.818
08401243,Alt-Rudow,48843.313,50731.618,68947.614,0.0,0.0,0.0,107649.356,127618.307,96421.915
08401244,Waßmannsdorfer Chaussee,13080.604,13937.91,13066.398,0.0,0.0,0.0,24460.524,28960.021,23858.051
08401245,Frauenviertel,5398.92,4946.136,4893.112,0.0,0.0,0.0,0.0,0.0,0.0
08401246,Waltersdorfer Chaussee Ost,12326.644,12987.501,12870.534,0.0,0.0,0.0,21273.09,28325.235,23813.072
09100101,Alt-Treptow,37578.216,37962.058,39103.198,40051.896,44661.038,37761.866,32869.267,50998.087,43596.314
09100202,Plänterwald West,6261.5830000000005,6260.507,6614.849,0.0,0.0,0.0,21799.314000000002,26996.686,24094.039
09100203,Plänterwald Ost,7686.458,7930.858,7388.032999999999,0.0,0.0,0.0,8959.25,10448.134,9857.112000000001
09100304,Baumschulenweg West,15133.130000000001,15442.624,15403.323,0.0,0.0,0.0,59948.301999999996,70366.175,62900.312
09100305,Baumschulenweg Ost,5081.787,5071.661,5005.624,0.0,0.0,0.0,12625.472,14200.543,12431.698
09100306,Späthsfelde,6670.089,6724.558,6378.464,0.0,0.0,0.0,15893.386,18841.412,16153.467
09100407,Johannisthal West,10970.971,11011.689,10846.238,0.0,0.0,0.0,20212.587,25224.355,23386.228
09100408,Johannisthal Ost,11366.728,11509.581,11341.93,0.0,0.0,0.0,15968.002999999999,18465.738999999998,17233.236
09100409,Landschaftspark Adlershof,10920.787,11269.011,10703.643,0.0,0.0,0.0,14964.523,17931.06,15510.775
09200510,Helmholtz-Kiez,14912.023,14943.627,15062.649000000001,3731.1890000000003,4088.505,1901.731,33442.051999999996,41281.257,36626.088
09200511,Griechischer Park,31796.618000000002,14299.107,14690.074,9877.960000000001,10940.266000000001,5621.114,60660.05,70860.149,63343.501000000004
09200512,Wuhlheide,12028.385,12431.268,12972.063,1504.257,1708.463,1512.776,17741.684999999998,22038.262000000002,14950.823
09200613,Bahnhof Schöneweide,21411.41,15899.917,15939.427,0.0,0.0,0.0,34236.704,38372.873,34670.712
09200614,Oberspree,4749.993,4908.947,4840.424,0.0,0.0,0.0,11552.837,15255.98,14671.127
09200715,Wista,6605.773,3679.5969999999998,3417.319,0.0,0.0,0.0,0.0,3364.25,2582.0130000000004
09200716,Dörpfeldstraße West,12501.633,11441.361,11719.483,1329.64,1550.157,1386.471,32280.112,38952.423,34647.082
09200717,Dörpfeldstraße Ost,26434.183999999997,26448.493,26613.305,4956.649,5989.312,4752.478999999999,41544.902,47237.658,42255.682
09200818,Spindlersfeld,4607.023,3942.426,4425.9400000000005,0.0,0.0,0.0,17096.912,22729.954999999998,20998.597999999998
09200819,Köllnische Vorstadt,15371.645999999999,15197.673,15730.886999999999,0.0,0.0,0.0,41310.795,49301.115,46108.067
09300920,Dorf Altglienicke,21599.324,20970.855,20041.103,0.0,0.0,0.0,55808.93,62621.581,54494.298
09300921,Preußen Siedlung,3872.998,3933.102,3816.026,0.0,0.0,0.0,17180.873,19989.381,17245.723
09300922,Kosmos Viertel,8527.688,8329.467999999999,8195.086000000001,21103.53,25238.214,21794.292,0.0,0.0,0.0
09300923,Kölner Viertel,11394.925000000001,10503.385,10846.939,4616.027,5407.767,4847.578,66438.328,70726.66900000001,55119.992
09301024,Falkenberg,9202.892,7869.632,7724.423,0.0,0.0,0.0,21825.895,25845.773,23177.379
09301025,Alt-Bohnsdorf,20436.413,20636.947,19784.740999999998,0.0,0.0,0.0,63491.9,73482.667,63351.572
09301126,Grünau,15412.595,13064.8,12471.667,0.0,0.0,0.0,55027.681,63269.437,51468.546
09301227,Karolinenhof,3152.157,3278.025,3121.325,0.0,0.0,0.0,15128.47,18395.019,16558.814
09301228,Schmöckwitz/Rauchfangswerder,5890.575,5759.503,5548.181,0.0,0.0,0.0,15802.27,18697.383,15998.458
09401329,Kietzer Feld/Nachtheide,17031.847,16490.649,17184.561,3364.8830000000003,3750.9480000000003,1395.568,50483.924,57150.106,50789.925
09401330,Wendenschloß,2887.972,2877.175,2783.455,0.0,0.0,0.0,13933.396,16782.059,15115.624
09401431,Allende I,10693.351999999999,9741.497,9633.057,16555.196,19442.069,17459.926,1479.165,1759.421,1841.341
09401432,Siedlung Kämmereiheide,2156.0860000000002,2194.346,2285.369,3273.334,3757.456,3377.065,6404.221,7685.112,6403.125
09401433,Allende II,11769.628,11625.929,11464.542,11911.337,14988.418,13138.493,0.0,4438.1230000000005,3206.494
09401534,Altstadt Köpenick,11491.401,11062.548,11428.8,4286.716,5157.985000000001,3965.317,27250.364,30687.147,27109.925
09401635,Müggelheim,12177.464,12774.509,12381.791,0.0,0.0,0.0,38207.038,45094.617,40790.995
09501736,Hirschgarten,8827.76,6951.303,6869.771,5698.208,6747.529,5840.604,62463.847,69524.45000000001,60845.467000000004
09501737,Alt-Friedrichshagen,35320.852,36028.351,37886.355,22940.328,24702.292,22058.216,67652.749,77110.078,70444.294
09501838,Rahnsdorf,18951.406,17851.904,17387.742,0.0,0.0,0.0,78702.628,92907.679,79534.282
09501939,Bahnhofstraße,17467.168,16595.602,18001.061999999998,0.0,0.0,0.0,42874.950000000004,49305.337,44386.067
09501940,Güterbahnhof Köpenick,4404.773,3973.705,3878.366,0.0,0.0,0.0,18524.926,20672.772,19639.182
09501941,Friedrichshagener Straße,6247.821999999999,6581.8,6865.823,7738.418,8955.376,97.655,8274.851,11068.544,10029.578
09502042,Mittelheide,6268.9529999999995,6370.67,6118.076,0.0,0.0,0.0,29514.701,35672.526,31826.827
09502043,Dammheide,12121.474,12273.7,11987.255,0.0,0.0,0.0,47181.529,60002.233,53470.689
10100101,Marzahn West,6217.492,6906.817999999999,6819.817,12376.528,14442.028999999999,12967.747,1168.503,1315.7060000000001,1100.556
10100102,Rosenbecker Straße,4333.717000000001,3850.33,4081.219,12422.466,14189.082,11620.565,0.0,0.0,0.0
10100103,Wittenberger Straße,10115.264,9584.371000000001,9589.168,23444.907,26551.982,23949.582,0.0,0.0,0.0
10100104,Golliner Straße,8148.015,8336.229,8527.535,22326.752,25208.512000000002,23204.861,0.0,0.0,0.0
10100205,Gewerbegebiet Bitterfelder Straße,47818.888999999996,48017.263999999996,47857.318,19470.122,22049.789,16164.106,21663.114999999998,27257.399999999998,24846.521
10100206,Wuhletalstraße,13650.844000000001,13169.380000000001,13143.419,39854.505000000005,43564.641,38170.369,0.0,0.0,0.0
10100207,Ahrensfelder Berge,10187.907000000001,10625.119,10266.931,32787.912,36774.477,32194.131,0.0,0.0,0.0
10100208,Bürgerpark,13590.603,13220.055,12977.429,35614.384999999995,40479.892,35687.037,0.0,0.0,0.0
10100209,Lea-Grundig-Straße,10246.123,10497.312,10410.657,29324.317,31050.522,27649.110999999997,1110.672,916.1139999999999,758.313
10100210,Marzahner Promenade,23443.249,24996.902,25710.001,41734.263,47998.385,42823.113,0.0,0.0,1203.393
10100311,Marzahner Chaussee,43390.725,39765.624,41423.407999999996,9593.492,11505.83,10070.634,24466.914999999997,32612.978,29936.653
10100312,Springpfuhl,23183.059,23837.477,24463.657,64847.734000000004,71858.955,61808.422000000006,143.684,150.926,0.0
10100313,Alt-Marzahn,7627.414,7801.298,7940.342,12204.486,13720.527,11023.682999999999,12656.712,14534.251,12840.762
10100314,Auersbergstraße,7756.868,7695.526,7618.312,18887.634,21888.578999999998,19479.027000000002,1064.697,1344.847,1204.652
10100315,Bärenstein,9169.463,9151.498,9035.563,23784.128,27106.468,24956.129,1775.483,2179.5190000000002,1761.551
10100316,Landsberger Tor,7290.594,7140.382,7109.942,2362.227,2782.0950000000003,2600.569,0.0,0.0,0.0
10200417,Zossener Straße,8544.508,8516.2,8347.344,23047.199,26078.328999999998,23684.849,0.0,0.0,0.0
10200418,Kyritzer Straße,6241.41,5518.641,5463.918,10833.054,11025.663,9879.388,0.0,0.0,0.0
10200419,Havelländer Ring,4503.857,3608.9030000000002,3576.842,12220.741,12695.49,10933.032000000001,0.0,0.0,0.0
10200420,Gut Hellersdorf,9735.372,9063.710000000001,8833.232,20013.986,21829.234,19409.005,0.0,209.811,193.33
10200421,Helle Mitte,11147.08,11455.076,12144.037,2268.705,2561.535,2053.301,0.0,0.0,0.0
10200422,Hellersdorfer Promenade,7070.123,7168.228,6658.9529999999995,9869.984,10831.311,8753.817,12641.35,14208.339,13334.269
10200423,Böhlener Straße,6105.2300000000005,6116.9839999999995,5820.194,37845.675,42999.126000000004,38586.716,0.0,0.0,0.0
10200524,Adele-Sandrock-Straße,13026.923,12365.408,11803.039,29499.621,34181.466,29323.837,0.0,0.0,0.0
10200525,Schleipfuhl,7866.247,7602.79,15427.470000000001,12413.685,15009.018,13050.043,0.0,0.0,0.0
10200526,Boulevard Kastanienallee,6176.956,5958.697,5840.923,11454.246,13222.657000000001,11663.661,0.0,0.0,0.0
10200627,Am Kienberg,5360.474,5050.569,5068.768,9630.458999999999,10429.257,9273.438,399.18899999999996,479.12399999999997,427.838
10200628,Neue Grottkauer Straße,7449.718000000001,7666.7029999999995,7369.331,19543.689,23318.469,19281.842,0.0,0.0,0.0
10200629,Teterower Ring,16488.452,15625.881000000001,15709.81,23247.805,25893.268,22861.239,0.0,0.0,0.0
10200630,Cecilienplatz,7844.169,7449.2789999999995,7547.864,17955.278,21603.125,19072.011,0.0,0.0,0.0
10300731,Oberfeldstraße,15142.202,15577.384,17469.867,11307.602,12581.404,9523.453,50275.295,59469.248999999996,52248.679
10300732,Buckower Ring,25580.739999999998,26076.218,24869.639,46567.414000000004,53140.897000000004,46149.316999999995,5648.761,6682.381,6011.18
10300733,Alt-Biesdorf,16825.497,15274.469000000001,16301.005000000001,2167.816,2590.091,1846.161,19843.235,29477.713,26451.614
10300734,Biesdorf Süd,17214.557,17095.646,17547.609,0.0,0.0,0.0,54270.504,64474.705,56990.267
10400835,Kaulsdorf Nord,12016.992,12646.847,12331.647,3252.404,3764.518,3405.362,37576.34,45056.828,39546.497
10400836,Alt-Kaulsdorf,6893.95,7012.106,6914.407999999999,0.0,0.0,0.0,35387.539,41445.457,35827.014
10400837,Kaulsdorf Süd,14282.65,14191.823,13363.004,0.0,0.0,0.0,48993.529,58706.986,52001.32
10400938,Mahlsdorf Nord,19564.898,19734.96,26035.821,0.0,0.0,0.0,59906.651,72009.512,63987.349
10400939,Alt-Mahlsdorf,16545.974000000002,16498.027000000002,16883.795,0.0,0.0,0.0,42207.765999999996,48197.477,45478.245
10400940,Elsensee,17033.406,17367.252,16371.05,0.0,0.0,0.0,39323.566,47311.964,41242.349
10400941,Pilgramer Straße,18877.69,18285.038,17887.496,0.0,0.0,0.0,62321.398,75238.764,67751.957
11100101,Dörfer Malchow-Wartenberg,3945.946,6336.199,6013.082,616.248,729.278,585.957,16410.882,19155.462,17225.341
11100102,Dorf Falkenberg,3619.696,3528.569,3484.806,0.0,0.0,0.0,7955.591,9987.018,7698.974999999999
11100203,Falkenberg Ost,9421.547,8938.444,8728.229,27321.221,28437.382999999998,25855.207,0.0,0.0,0.0
11100204,Falkenberg West,9333.710000000001,8014.924,7783.619000000001,19009.508,21729.927,19758.134,0.0,261.801,0.0
11100205,Wartenberg Süd,8037.976,7655.234,7503.441,13362.528,15465.259,14668.512999999999,0.0,0.0,0.0
11100206,Wartenberg Nord,8393.057,8673.601,9300.028,13606.566,15306.082,13926.131,0.0,0.0,0.0
11100307,Zingster Straße Ost,19598.015,19419.098,22108.251,38331.695,43867.013,39833.242,0.0,0.0,0.0
11100308,Zingster Straße West,11796.702000000001,11417.574,11505.044,27347.98,30993.061999999998,28462.872,595.965,821.3340000000001,797.972
11100309,Mühlengrund,7402.846,6360.134,5902.1759999999995,15131.458999999999,16734.509,14169.239,161.741,199.512,169.245
11200410,Malchower Weg,17161.417999999998,17771.891,17412.771,10478.530999999999,11592.989,10833.885,34966.77,41250.52,35829.458
11200411,Hauptstraße,26690.21,26987.64,28165.027,32322.647,36133.608,32467.284,8273.108,11899.041,10239.057
11200512,Orankesee,15482.380000000001,15556.854,7735.853,862.805,1163.977,1054.068,16759.915,19821.053,18140.256
11200513,Große-Leege-Straße,12883.899,12909.352,12929.706,17436.436999999998,19951.587,17854.054,16692.107,20310.097,18943.572
11200514,Landsberger Allee,23669.973,22792.77,23334.893,51363.411,56596.901,50803.86,376.044,432.595,395.091
11200515,Weiße Taube,6708.229,6383.859,6401.735000000001,5938.839,6787.7119999999995,10224.387999999999,9634.992,13305.857,13421.39
11300616,Hohenschönhauser Straße,7484.871,7722.313,7516.002,17217.133,20070.848,17975.798,373.436,1672.401,389.772
11300617,Fennpfuhlpark,9856.499,9441.867,9638.527999999998,18453.787000000004,20713.424,18807.900999999998,0.0,0.0,0.0
11300618,Storkower Bogen,5889.077,5965.901,6035.54,16309.414,18748.423,16661.107,343.861,389.068,372.909
11300619,Rudolf-Seiffert-Park,9730.964,10166.783000000001,9978.831999999999,29231.546000000002,32995.978,29884.839,0.0,0.0,0.0
11300620,Fennpfuhl Ost,14572.078,14965.381,14807.828,35834.582,40851.934,36363.956,1044.418,891.844,1112.3
11300721,Herzbergstraße,43909.570999999996,38665.064,40861.911,33885.417,35997.574,31076.729,24209.532,32262.132,27937.662
11300722,Rathaus Lichtenberg,14601.0,14120.885,13214.921,25587.976,29609.305,25758.745,12894.969000000001,16676.242,14768.903
11300723,Bornitzstraße,9691.98,8745.901,9094.422,7744.954,8411.807,7326.090999999999,1169.665,2400.3849999999998,2190.731
11300724,Roedeliusplatz,7985.54,8328.746,8191.628,17249.613,18868.958,15066.247,6032.359,7324.706,6299.248
11300725,Nibelungenviertel,17622.023,17717.172,17449.121000000003,19895.158,23076.985999999997,19864.288,16132.129,22229.654,20374.057
11300826,Frankfurter Allee Süd,20658.726,22076.701999999997,23440.261,41263.39,46896.608,40946.04,1964.2,2453.2650000000003,2156.102
11400927,Victoriastadt,12653.951000000001,13362.673999999999,13624.588,0.0,0.0,0.0,20153.204999999998,42293.922,35335.007
11400928,Nöldnerplatz,5454.784,7192.387000000001,7433.018,8008.918000000001,8672.442,5747.121999999999,6218.562,8354.3,7803.702
11400929,Weitlingkiez,19450.394,18803.62,19516.602,14834.975999999999,17321.89,15469.165,56175.36,65774.679,58029.268
11400930,Zachertstraße,5174.726,4785.129,4626.7339999999995,10788.911,11797.148000000001,10138.697,7572.954,10582.159,9697.162
11400931,Massower Straße,9189.452000000001,9124.17,8993.86,17417.223,19359.677,18445.628,7170.075,7812.283,7084.853
11401032,Rosenfelder Ring,7914.08,7618.83,7805.871999999999,13198.967,15166.154999999999,12926.176000000001,6143.87,7851.427,7293.110000000001
11401033,Gensinger Straße,8580.99,8606.895,8467.301,10459.294,11945.804,17496.653,1437.532,1656.8639999999998,1537.816
11401034,Tierpark,4962.196,4682.026,4776.013,7931.357,8940.744999999999,7766.842,25009.285000000003,27196.906,26643.495
11401135,Dolgenseestraße,12940.878,11887.965,10410.617,32581.184,37223.189,31209.902000000002,0.0,2102.135,2095.575
11401136,Volkradstraße,9996.879,9860.631,9791.247,23705.454,28210.574,25149.861,4391.357,5676.583,5249.466
11401137,Erieseering,13806.894,14104.689,14836.763,34382.21,39493.077,35500.891,1872.704,1488.295,1963.204
11501238,Rummelsburg,35749.029,40157.212,36190.792,16958.175,19497.654000000002,15064.447,1453.72,13149.377,15688.568000000001
11501339,Karlshorst West,13456.574,12460.255000000001,12092.129,5526.1810000000005,6247.421,5768.599,38491.047,49562.193,42890.935
11501340,Karlshorst Nord,17131.138,17508.424,16573.379,369.487,424.329,390.574,50958.957,62919.985,54739.687
11501341,Karlshorst Süd,10861.443,9947.534,9705.334,2018.288,1328.55,0.0,41351.695,50019.69,44563.802
12100101,Letteplatz,17876.882,18147.806,19118.539,0.0,0.0,0.0,44503.838,53446.178,46664.74
12100102,Hausotterplatz,19751.925,19376.007,20082.949,0.0,0.0,0.0,47114.733,59510.158,49704.567
12100103,Breitkopfbecken,11420.598,11209.578,11209.943,0.0,0.0,0.0,32487.058,34207.587999999996,31522.66
12100204,Schäfersee,18747.471,19357.607,20294.96,0.0,0.0,0.0,29954.629,40819.449,35430.066999999995
12100205,Teichstraße,100762.725,106796.04,107407.062,3850.464,4249.143,3591.49,248731.458,261616.119,240844.361
12100206,Humboldtstraße,6152.164,6179.858,6347.064,1179.934,1441.87,0.0,18654.305,21406.628,19204.999
12200307,Reinickes Hof,10853.006000000001,11409.209,12173.766,1139.011,1313.674,1270.624,35872.327999999994,48718.159,47560.943
12200308,Meller Bogen,11505.169,11532.188,11000.163,0.0,0.0,0.0,14559.121,16820.211,14507.631000000001
12200309,Scharnweberstraße,19231.217,19868.916,19991.538,0.0,0.0,0.0,46039.185,55562.682,47428.476
12200310,Klixstraße,11364.36,11796.425,11930.487000000001,0.0,0.0,0.0,17936.281,20032.839,17762.038
12200411,Schumacher-Quartier,3309.866,1616.575,1620.091,0.0,0.0,0.0,2412.228,4321.99,3927.857
12200412,Waldidyll/Flughafensee,24357.466,25178.833,25596.626,0.0,0.0,0.0,60964.8,80028.321,68976.692
12200413,Tegel Süd,31141.303,33338.832,30531.543000000005,0.0,0.0,0.0,44929.109,50014.275,47992.632
12200414,TXL,12745.317000000001,3527.098,3342.004,0.0,0.0,0.0,4650.686,5646.446,5260.063
12200515,Alt-Tegel,63931.161,61581.335,62578.413,0.0,0.0,0.0,107584.32699999999,122716.394,106427.033
12400616,Konradshöhe/Tegelort,11333.539,11469.046,11363.976,0.0,0.0,0.0,25664.025999999998,30661.459,26188.395
12400617,Alt-Heiligensee,13894.697,14876.519,14796.57,0.0,0.0,0.0,29775.623,37266.256,31607.149999999998
12400618,Heiligensee Nord,8282.874,8405.418,8487.032,0.0,0.0,0.0,29032.0,32953.684,29008.818
12400619,Heiligensee,14968.474,14498.444,14053.903,0.0,0.0,0.0,27713.252,37918.245,31691.002
12400720,Frohnau West,17877.478,18048.191,17798.089,0.0,0.0,0.0,51946.771,61224.756,53330.988
12400721,Frohnau Ost,15684.030999999999,15858.112000000001,15349.977,0.0,0.0,0.0,48481.187,56568.611,48928.151
12400722,Hermsdorf West,17353.248,17539.569,17060.882,0.0,0.0,0.0,50766.967,60698.436,52941.18
12400723,Hermsdorf Ost/Waldsee,15978.748,16367.971,16326.526,0.0,0.0,0.0,43763.802,53279.487,46269.926
12500824,Ziekowstraße/Freie Scholle,13674.092999999999,13817.964,13920.469,7342.0199999999995,8617.399,7609.277,23915.193,31540.862,27496.089
12500825,Borsigwalde,92242.808,101630.697,104932.14,1139.37775,1747.7807500000001,1523.16975,98791.031,111840.82699999999,103202.204
12500926,Wittenau Mitte,12225.257,12342.023,12773.947,5395.611,6044.33,4979.144,16687.443,19019.136,16325.388
12500927,Wittenau Nord,33818.782,33509.91,35269.589,39977.282999999996,44163.435,38332.288,192622.81199999998,178306.97699999998,159928.289
12500928,Waidmannslust,12492.943,12406.69,12498.426,0.0,0.0,0.0,31162.088,36974.104,32100.920000000002
12500929,Lübars,9450.282,9697.416,9653.775,0.0,0.0,0.0,15528.189999999999,22280.466,19617.996
12500930,Wittenau Süd,17721.478,19060.34,19627.756999999998,20266.628,22065.17,19932.57,31908.823,40449.809,34880.859
12601031,Lübarser Straße,35392.394,36154.596,36726.859000000004,8456.687,9468.407,8334.579,167753.45599999998,233329.825,197230.399
12601032,Rollbergesiedlung,9621.318000000001,8758.589,9018.704,26653.82,30130.792999999998,26889.353,3398.282,4588.0509999999995,4143.867
12601133,Treuenbrietzener Straße,44526.637,42961.443,44873.148,39366.100999999995,45738.587,40753.726,0.0,12020.052,13116.072
12601134,Märkisches Zentrum,26079.114,25478.265,26305.222,64952.65,72362.54699999999,64616.854,1349.649,1741.797,1199.624
12601235,Dannenwalder Weg,11254.641,11468.414,11327.668,29409.911,33622.96,31257.648,493.056,540.713,452.459
12601236,Schorfheidestraße,5004.064,5080.936,4909.6,3556.926,3967.051,3748.649,4661.448,5007.996,4227.025
